file_path,file_name,file_type,size_bytes,sha256
.gitignore,.gitignore,,470,b2b88729533ed4fd3ca12fd13a49d55cb2b84696d2761f01eec5f317af6a2685
code/01_download_tcga_laml.R,01_download_tcga_laml.R,r,3291,de25398bd83ce53cd0af970743fc0cf622d91ed0728e1e3581694f6f7770e92b
code/01_download_tcga_laml_xena.R,01_download_tcga_laml_xena.R,r,6959,d894afeb5d3b466cd9b5fa8deeb979f71052a33fd4c276567ad7057ff2537635
code/04_preprocess_tcga_laml.R,04_preprocess_tcga_laml.R,r,12443,fb9483c1a64c6d99a765c524a61681eff681d396b4807ea2ac6a5f20ec9c8947
code/04_preprocess_tcga_laml_xena.R,04_preprocess_tcga_laml_xena.R,r,16359,51fd380cf206a94c2c5b6eab592936dc8f31cf1e6af3ad55fc6fbb847c139296
code/04_preprocess_tcga_laml_xena__dup2.R,04_preprocess_tcga_laml_xena__dup2.R,r,16359,51fd380cf206a94c2c5b6eab592936dc8f31cf1e6af3ad55fc6fbb847c139296
code/07_prepare_gene_sets.R,07_prepare_gene_sets.R,r,3434,30d9f994883531cb82768537a5841c774b9810177b022e088f019c17858aab13
code/08_calculate_ssgsea_scores.R,08_calculate_ssgsea_scores.R,r,4432,f87fe43c1fba701b3ba96e039c2af987dcddb34156e9c652ca9e087af5d1bfb8
code/09_calculate_prft_score_and_group.R,09_calculate_prft_score_and_group.R,r,4254,1643d401cda07627da8054d1ae3faa7fab1ede3e576b85feabf564104e42bfb5
code/09_calculate_prft_score_and_group__dup2.R,09_calculate_prft_score_and_group__dup2.R,r,4254,1643d401cda07627da8054d1ae3faa7fab1ede3e576b85feabf564104e42bfb5
code/10_deg_prft_high_low_tcga.R,10_deg_prft_high_low_tcga.R,r,9168,a6f0632f123343a02ac13bd5ae32c7500782803e818eb59d9e5103298ba4eae1
code/11_wgcna_prft_modules_tcga.R,11_wgcna_prft_modules_tcga.R,r,16368,10bc8253e490fb4034c2dccdb3f2fb465845cf09b120bbd4145f11db9d8e3ddd
code/12_candidate_gene_selection_and_univariate_cox.R,12_candidate_gene_selection_and_univariate_cox.R,r,11241,336dd57a0f18664c77c53661feb3674e7e36907f4cdf6447ffb4a15fe4a4a54d
code/13_lasso_cox_prft_signature_tcga.R,13_lasso_cox_prft_signature_tcga.R,r,18746,bbe2e8cb4ae7088a7ad48fef96d5fd96cdaafe5b2bc6b8fdc14673ef666a78e1
code/14_external_geo_dataset_feasibility_check.R,14_external_geo_dataset_feasibility_check.R,r,22519,c0d10f86013f7d01d215bd979fc3a83b322aa6807a2be53b7f03a2d228f26589
code/15_cross_platform_candidate_coverage_check.R,15_cross_platform_candidate_coverage_check.R,r,17704,4921b406dd79c62c2463ea33b75ad21662e43c2c8662fc574dec22d1e6487ceb
code/16_rebuild_cross_platform_lasso_signature_tcga.R,16_rebuild_cross_platform_lasso_signature_tcga.R,r,22159,bf13881a757971c2daf33098dc5398268a13a868b151be8fb6d3b6f56f34613a
code/17_external_validation_cross_platform_signature_geo.R,17_external_validation_cross_platform_signature_geo.R,r,30532,59ff7105a38dae11acb0b1772251b448b9030a30e7799c010089bc7b14749364
code/19_immune_microenvironment_analysis_tcga.R,19_immune_microenvironment_analysis_tcga.R,r,18007,cdd15e949faf9632150793a82ee1b1a058308d7eac8c74d107db3be9a0f5fd72
code/20_beataml_drug_sensitivity_analysis.R,20_beataml_drug_sensitivity_analysis.R,r,30122,091ca23426a38071341d03698de7ea7ccf21cc2e72d607718e69adcea30e3862
code/20_beataml_drug_sensitivity_analysis__dup2.R,20_beataml_drug_sensitivity_analysis__dup2.R,r,29234,58f8807cad0c0b94e3d27e8d20c46330b430c59ad03d73bcfa9f48885d7f4f82
code/21_single_cell_prft_signature_localization.R,21_single_cell_prft_signature_localization.R,r,39800,6b4f0e23223217ecba37940b65cb77125b64f918e14fca19c594e8d98dc8f322
code/22_make_workflow_and_prft_definition_figure.R,22_make_workflow_and_prft_definition_figure.R,r,10395,1d8c6711472cd6f05e13b13711b0ac6baac53a653e7a1d671a13fdec3c5495f3
code/23_make_cross_platform_signature_formula_figure.R,23_make_cross_platform_signature_formula_figure.R,r,4995,3b698da8f4609ecef53a1dedeec43088e7271a284beda4408f43862352f8d9f4
code/24_make_cox_summary_forest_plot.R,24_make_cox_summary_forest_plot.R,r,11829,58442a2691a420128a1760c88156dcf9f19c209f7c07741289bc76c26ce76486
code/28_update_review_copy_figure2.py,28_update_review_copy_figure2.py,py,2397,4e9c70fdcd32563717531ab3711412944e21c9a62fd75df1e53820e84f61cfeb
code/29_redraw_graphical_abstract_prft_aml.R,29_redraw_graphical_abstract_prft_aml.R,r,13155,99a3d8337a79717467906c025b27c634f9c4279845feba04c4ba133f3c4a1459
code/32_import_user_graphical_abstract_and_finalize_package.R,32_import_user_graphical_abstract_and_finalize_package.R,r,4515,f7fa8eb3d50fb31b934fd9bdf214726988a55b0ea91c085118cb628e2fc8199f
code/35_check_final_docx_integrity.py,35_check_final_docx_integrity.py,py,669,c0ffeb0f96cd3adb20df73fdcc293e5b2cf37aac8a172f34a15809fc408d0c4d
code/44_rebuild_review_copy_with_embedded_figures.py,44_rebuild_review_copy_with_embedded_figures.py,py,3578,f18ab6aca046bc9ec14504d80896341ee54284c2728bca867222057f837dd9e9
code/45_phase0_project_audit_reorganize.py,45_phase0_project_audit_reorganize.py,py,15190,b2fb12778e79b163ee5a148f2211d5685df6d7705c1e08ab4af4daa6ed4b48de
code/phase10E_submission_text_package.py,phase10E_submission_text_package.py,py,31330,14e353526d6d6fbe9427f7867b84ffa416df773cf21a1b719cb0e6785345db42
code/phase10F_final_fillable_package.py,phase10F_final_fillable_package.py,py,24264,2c1de5d55a924d8043711b3a42ad59e058264a501e61a382bd853620f0e90b1c
code/phase1_run_reproduction.R,phase1_run_reproduction.R,r,4256,f0404cf0ecb463b1c62a8efadcd095c211f39c3ae0be1a882d51093613996af9
code/phase2_clinical_independence_analysis.R,phase2_clinical_independence_analysis.R,r,32703,9a0c251d2c64070a0487ee30c6a16d30c6e4fbfe48cf19085f20166f7b0e5ab6
code/phase2b_clinical_figure_fix_mutation_audit.R,phase2b_clinical_figure_fix_mutation_audit.R,r,22627,22ea289aa609a33dbc1cfacf271f2a5109a1565d6749ecae09b4aa6cf9e3fef8
code/phase3A_150_ml_framework.R,phase3A_150_ml_framework.R,r,46080,ac991c67a4dcc5186d61accec3fac6bbf2de6f59cbffdbef43a78d3569e3229d
code/phase3A_fix_150_ml_framework.R,phase3A_fix_150_ml_framework.R,r,59019,4a1bc0c59ddb118969130cbf5af21217bf79c7f04967feeaa30c2a2fb9812ef1
code/phase3A_fix_auc_diagnostic.R,phase3A_fix_auc_diagnostic.R,r,2454,8cd067620ebebf7376ceaaa48417e8c22a05cb341b603c378eadf087e0b8036c
code/phase3A_PPI_mini_update.R,phase3A_PPI_mini_update.R,r,58231,1a1a6cb6eaca61d3b755e3f37074aed3a6c3a757148566e749b0cde2970cc7a9
code/phase3B_external_validation_update.R,phase3B_external_validation_update.R,r,17340,12329af5adcd96b88a7593fa0352aef424bd07b18e680fc740430c40f8491749
code/phase3B_fix_interpretability_ML.R,phase3B_fix_interpretability_ML.R,r,33679,32f8907b95b43d03ea185140f546b17e51bae0f176576816125d95cc38b5c393
code/phase3B_inspect_inputs.R,phase3B_inspect_inputs.R,r,1101,eeabc03a1bce96abcd9536a6b03d3747a17a6cc72813906347c50af2184f4e27
code/phase3B_PRFT_state_ML.R,phase3B_PRFT_state_ML.R,r,45052,d771b314561d1320aeed4e8c2a86fe276f004649fb21bbe25cc9c90ee6569fce
code/phase4_fix_singlecell_umap_audit.R,phase4_fix_singlecell_umap_audit.R,r,20900,ea03e20f3978384861c10f90e0861aa4c5ce5cf6a9b0cc39f02680f1e795ffb4
code/phase4_singlecell_validation_consolidation.R,phase4_singlecell_validation_consolidation.R,r,28951,8d7b5af4fbd88e1651ac012d1b6061b14db5b63a377abbcb80c1c7f89201be73
code/phase4b_patient_level_robustness.R,phase4b_patient_level_robustness.R,r,22453,7179bc46d30b4625ffe42ab52758bd5f98b3a2e3023726b2ef0896f5e1a22261
code/phase5_PPI_network_analysis.R,phase5_PPI_network_analysis.R,r,23242,a545a5361c2ad1810b39ac88c97c423edc929f09d10835a768671ef6fb77f5df
code/phase6_external_validation_GSE6891_GSE14468.R,phase6_external_validation_GSE6891_GSE14468.R,r,37613,309138aae4a6c998d8295c1cca4c7cf089babde0f74aae83f6cb1db55cd4fd8c
code/phase7_bulk_immune_myeloid_pathway_analysis.R,phase7_bulk_immune_myeloid_pathway_analysis.R,r,48187,fe9907f0b98ea07516e28756ea4c5c5f91de041b4605c4ecd734c2548760b18a
code/phase7_cleanup_bulk_immune_module.R,phase7_cleanup_bulk_immune_module.R,r,19238,269cb44b55532bb9d9890fa044c89a4502faa3223d276f2b3870b24acd8951ca
code/phase8A_AS_input_audit.R,phase8A_AS_input_audit.R,r,20929,e3754a5d46293f9a62958edaa6775df3d8c66b610da12bf83092985416e9eb0d
code/phase9_manuscript_integration.py,phase9_manuscript_integration.py,py,46808,1df4f484936040a28063ebebfdd95b36ab9e4c0372020b041201d7f61fadc2f1
code/plot_label_utils.R,plot_label_utils.R,r,4453,252aee09b6cd6f690af512603a48207c5f4b4e85cad1caef1e8b0f4e51403b9b
docs/GitHub_private_upload_instructions_Phase27I_CN.txt,GitHub_private_upload_instructions_Phase27I_CN.txt,txt,1304,6b87f34c19b56be3f8b84786272f95c6b152fb123d999ad60d40762062975ca8
docs/phase10A_10C_key_result_checklist.txt,phase10A_10C_key_result_checklist.txt,txt,1533,5cf35698d7fdd19e719ad22395a41273ebb79bf0a2dcd923edf3ebf4845b8d06
docs/phase10B_key_result_checklist.txt,phase10B_key_result_checklist.txt,txt,1218,2f823bdd72f829814860c7b1c735a28eff766ed20f2569072c8e425d0957d3c9
docs/phase10D_key_result_checklist.txt,phase10D_key_result_checklist.txt,txt,1154,68bdbb1aa45b20e80b88059cc03df8ba7ec954cf81dbd6e485ede6fc5b02139c
docs/phase10E_key_result_checklist.txt,phase10E_key_result_checklist.txt,txt,1409,72c175129b3599e5389c1d80b82d7084ac47eda6162588fc22a129f8c2add4bb
docs/phase10F_key_result_checklist.txt,phase10F_key_result_checklist.txt,txt,1314,dc2d5d1b46fb6df0941b926fe0f8eedfdfa517543be98fccf674a370be60b10b
docs/phase10G_key_result_checklist.txt,phase10G_key_result_checklist.txt,txt,1212,4755fe577e055346a98bffaadd191e2a8c3103676142c6581216a0f2ed6932d6
docs/phase10G_simple_key_result_checklist.txt,phase10G_simple_key_result_checklist.txt,txt,1036,a378a5b2a35ada02469c1e4076962168ef5b715a7da73bde3fe2e94f34c35b58
docs/phase10H_figure_polish_key_result_checklist.txt,phase10H_figure_polish_key_result_checklist.txt,txt,1914,4cfbdd3c3af09e1c155098c09b717d3562c7428bc805d5d00f74efa6d2556daa
docs/phase10H_fix2_key_result_checklist.txt,phase10H_fix2_key_result_checklist.txt,txt,1509,bc137ce7fdbc6981b960edd522eb99c6bd5f9107ceaf2b96ee8ea8b6c4977202
docs/Phase27I_completion_summary_CN.txt,Phase27I_completion_summary_CN.txt,txt,1095,bd8e76a8caa281a0e9a82ac466f82845b4c76f670b9025a88e8261930563b12f
docs/Phase27I_readiness_update_CN.txt,Phase27I_readiness_update_CN.txt,txt,1037,babc3935e3a1386c45799142e6187d0f2d5ef7dbda8d424acfb7b7deec7d24a4
docs/phase2_key_result_checklist.txt,phase2_key_result_checklist.txt,txt,1666,7a1028a8f71790143fbd7307dde20ae548c1334cfa8d62c5ce5790149db57b72
docs/phase2b_key_result_checklist.txt,phase2b_key_result_checklist.txt,txt,1891,3565c5028027b949d6310f70152ef8b16a4eb633b9911edf6c732cdd11a2122c
docs/phase3A_key_result_checklist.txt,phase3A_key_result_checklist.txt,txt,2193,509199b14b5dff6c7e3aae82c708fef5f1247260fbbb2290bdc30586c8b9ea7b
docs/phase3B_key_result_checklist.txt,phase3B_key_result_checklist.txt,txt,3136,ee16e9d22232c5eb955fdf745ffee52955e2da3c6e341e592a7397fc21f35d69
docs/phase3C_fix_key_result_checklist.txt,phase3C_fix_key_result_checklist.txt,txt,1123,bec41e092b190f4c248d16b8af35ca434bc03d1e23a2300f78cc0ce9fca327f9
docs/phase3C_key_result_checklist.txt,phase3C_key_result_checklist.txt,txt,2827,f3e90405cb2b8d7c86cc99bb3375daa959996a672b1401369502cfaf091cb63c
docs/phase4_fix_key_result_checklist.txt,phase4_fix_key_result_checklist.txt,txt,1458,440e92ebc106c4ca64ce083c39bb62104f622d472753c6f46ae8cddf1cbc9cca
docs/phase4_fix_singlecell_limitation_statement.txt,phase4_fix_singlecell_limitation_statement.txt,txt,1187,c1eaf4b7d41ae10dd908d338ce2eaae78b4b9da4d51b68822d3089229266999d
docs/phase4_singlecell_key_result_checklist.txt,phase4_singlecell_key_result_checklist.txt,txt,2311,0f986749e2d677c8a5c3d405083e7700a65d09e10d94e081d8cafc863c5811f0
docs/phase4b_key_result_checklist.txt,phase4b_key_result_checklist.txt,txt,1584,7ecda981b4827c8dcab08d2933cd2f06331b0674ef8776eead0a0e54b9cd7d1d
docs/phase5_PPI_key_result_checklist.txt,phase5_PPI_key_result_checklist.txt,txt,1254,5b6732d06a19c99445f114f45d576b4250f9bc30f6cfee752e18720971cc6e72
docs/phase6_external_validation_key_result_checklist.txt,phase6_external_validation_key_result_checklist.txt,txt,2329,d063f6bb0050273b3046bcfb61ec30bcbe165e17ba05971acb086615ee9007a2
docs/phase7_bulk_immune_key_result_checklist.txt,phase7_bulk_immune_key_result_checklist.txt,txt,1889,24e87c1c4f2d5729ca8a49bb9383a13a5d32cff4fe4052be74b58ac711629dc4
docs/phase7_cleanup_key_result_checklist.txt,phase7_cleanup_key_result_checklist.txt,txt,723,958c728794f5dd4114df3c683a658cad1e53ca580c4bed8671f1811e629fa068
docs/phase8A_AS_input_key_result_checklist.txt,phase8A_AS_input_key_result_checklist.txt,txt,1064,80277c295655dd9671db2eddca50e6aafc5f86a2adf676567ccb04a603ddb3b6
docs/phase8A_AS_missing_input_statement.txt,phase8A_AS_missing_input_statement.txt,txt,749,22ce45f106ed691eb991af11f5d965930a840dc06cc286895abf3740efcd8bf7
docs/phase9_integration_key_result_checklist.txt,phase9_integration_key_result_checklist.txt,txt,1172,ead5795d6522d854e437ee0973c140582ac84746d28b04041faa6bab4e89c348
docs/phase9B_key_result_checklist.txt,phase9B_key_result_checklist.txt,txt,935,104659607783d4f01b9192de6bd8e200ef8b6627b460fc90f7c8817d4dc7f8b2
docs/phase_GA1_key_result_checklist.txt,phase_GA1_key_result_checklist.txt,txt,999,16aad92cbf39eab438750e55a87cf75abe831232122ced8a8f86a3741dfcf017
docs/README.md,README.md,md,4041,bb11f1a1f761d8cfbf75775aaeb9eb3560465c70a7a0d7d1db0fb2144e7877e3
docs/README_代码与复现说明.txt,README_代码与复现说明.txt,txt,757,efb292604e556a2a6536d6ca9394a8a95579583d50647edc376079c728d239cb
docs/sessionInfo_initial.txt,sessionInfo_initial.txt,txt,700,dcd4f9cbe4fe52ddaf53d325e0e8304250689c1c52fc59bf320d789921973550
figures/final/Figure 1.pdf,Figure 1.pdf,pdf,257850,fcf94f8fe549b194e1ea1ba3c2418d42f3871d34fb93e2618869d08dc57f6ed6
figures/final/Figure 1.png,Figure 1.png,png,591657,ec7f6223daf30a045b2181ca10c49bbefbefb17eea7c4275640f313b9f4076b1
figures/final/Figure 2.pdf,Figure 2.pdf,pdf,315643,4d305a5e0cef3608242a005c2809c834e6c34308d32a412ff5a067cd750ae5e3
figures/final/Figure 2.png,Figure 2.png,png,258883,f710873151e790e5c7b08092a5ec2a7e0e5c6b3ac14ebf7bae447bbd876801ea
figures/final/Figure 3.pdf,Figure 3.pdf,pdf,223060,ae64b29d0cd84de0a28efaae9bb739ee5100e81d2074e6098c522a892d6564da
figures/final/Figure 3.png,Figure 3.png,png,465225,7d36b4a209ca28adb16fab2e47e3908aa2eb9405e28fe5be875ad6981d86d5eb
figures/final/Figure 4.pdf,Figure 4.pdf,pdf,896202,700b0f23c64c55f3e1b055a1bae1dc32f66bf72d9117f4c63511620acd809ee7
figures/final/Figure 4.png,Figure 4.png,png,358714,b67cdd1a14b1c3abaa37e6eb88b456d9629f88a341b6050f2274d2b00045bb02
figures/final/Figure 5.pdf,Figure 5.pdf,pdf,806436,4c499adac06efef3b52c4d51964ecc29803a73a92d951243578db3ca0b6c2fe1
figures/final/Figure 5.png,Figure 5.png,png,559469,877eb6a37841268f6c59e7e86211e60df63db90e1c175d7536420c3bb48eef9f
figures/final/Figure 6.pdf,Figure 6.pdf,pdf,821363,e75468877092079317e2ba1b8b341d00cbcd5b1d38d7a792b54555cae073ea41
figures/final/Figure 6.png,Figure 6.png,png,549293,ce83b0176feba6044086d9a192fcab0b636d6eba657a5f0b7598a9ea1dab693c
figures/final/Figure 7.pdf,Figure 7.pdf,pdf,237875,2c2ae0998902f1954eeb24e0eff3c561fdf13e24fea3d2084ab058bf322fd668
figures/final/Figure 7.png,Figure 7.png,png,236379,64f145cabd5752937cba243aeb2183b1432a15e64fbf03773f5bbeb04fe4c112
figures/main/Figure 1.pdf,Figure 1.pdf,pdf,257850,fcf94f8fe549b194e1ea1ba3c2418d42f3871d34fb93e2618869d08dc57f6ed6
figures/main/Figure 1.png,Figure 1.png,png,591657,ec7f6223daf30a045b2181ca10c49bbefbefb17eea7c4275640f313b9f4076b1
figures/main/Figure 2.pdf,Figure 2.pdf,pdf,315643,4d305a5e0cef3608242a005c2809c834e6c34308d32a412ff5a067cd750ae5e3
figures/main/Figure 2.png,Figure 2.png,png,258883,f710873151e790e5c7b08092a5ec2a7e0e5c6b3ac14ebf7bae447bbd876801ea
figures/main/Figure 3.pdf,Figure 3.pdf,pdf,223060,ae64b29d0cd84de0a28efaae9bb739ee5100e81d2074e6098c522a892d6564da
figures/main/Figure 3.png,Figure 3.png,png,465225,7d36b4a209ca28adb16fab2e47e3908aa2eb9405e28fe5be875ad6981d86d5eb
figures/main/Figure 4.pdf,Figure 4.pdf,pdf,896202,700b0f23c64c55f3e1b055a1bae1dc32f66bf72d9117f4c63511620acd809ee7
figures/main/Figure 4.png,Figure 4.png,png,358714,b67cdd1a14b1c3abaa37e6eb88b456d9629f88a341b6050f2274d2b00045bb02
figures/main/Figure 5.pdf,Figure 5.pdf,pdf,806436,4c499adac06efef3b52c4d51964ecc29803a73a92d951243578db3ca0b6c2fe1
figures/main/Figure 5.png,Figure 5.png,png,559469,877eb6a37841268f6c59e7e86211e60df63db90e1c175d7536420c3bb48eef9f
figures/main/Figure 6.pdf,Figure 6.pdf,pdf,821363,e75468877092079317e2ba1b8b341d00cbcd5b1d38d7a792b54555cae073ea41
figures/main/Figure 6.png,Figure 6.png,png,549293,ce83b0176feba6044086d9a192fcab0b636d6eba657a5f0b7598a9ea1dab693c
figures/main/Figure 7.pdf,Figure 7.pdf,pdf,237875,2c2ae0998902f1954eeb24e0eff3c561fdf13e24fea3d2084ab058bf322fd668
figures/main/Figure 7.png,Figure 7.png,png,236379,64f145cabd5752937cba243aeb2183b1432a15e64fbf03773f5bbeb04fe4c112
figures/supplementary/FigureS_external_validation_KM_cohort_median_sensitivity.pdf,FigureS_external_validation_KM_cohort_median_sensitivity.pdf,pdf,7392,3bb35dec7466e9d05a7fc9b6ec073305e67bcbcb80740191720542547311b98f
figures/supplementary/FigureS_external_validation_KM_cohort_median_sensitivity__2.pdf,FigureS_external_validation_KM_cohort_median_sensitivity__2.pdf,pdf,7392,3bb35dec7466e9d05a7fc9b6ec073305e67bcbcb80740191720542547311b98f
figures/supplementary/phase2b_forestplot_all_models_publication.pdf,phase2b_forestplot_all_models_publication.pdf,pdf,41479,65e3a9174985c1aee1483712e1ba1028ec1361cfa54047a966aeff25dfb1451b
figures/supplementary/phase2b_forestplot_all_models_publication__2.pdf,phase2b_forestplot_all_models_publication__2.pdf,pdf,41479,65e3a9174985c1aee1483712e1ba1028ec1361cfa54047a966aeff25dfb1451b
figures/supplementary/phase3A_fix_model_performance_heatmap.pdf,phase3A_fix_model_performance_heatmap.pdf,pdf,45711,cfd4cb6a7e091872491a86f84577fa97ae90cc97064281fba39cfdb521f45156
figures/supplementary/phase3A_fix_model_performance_heatmap__2.pdf,phase3A_fix_model_performance_heatmap__2.pdf,pdf,45711,cfd4cb6a7e091872491a86f84577fa97ae90cc97064281fba39cfdb521f45156
figures/supplementary/phase3C_BeatAML_drug_correlation_volcano.pdf,phase3C_BeatAML_drug_correlation_volcano.pdf,pdf,46376,a878551438578e45439484d89a23c106a8019916757bf91db233b139d4b319e0
figures/supplementary/phase3C_BeatAML_drug_correlation_volcano__2.pdf,phase3C_BeatAML_drug_correlation_volcano__2.pdf,pdf,46376,a878551438578e45439484d89a23c106a8019916757bf91db233b139d4b319e0
figures/supplementary/phase4_score_heatmap_by_celltype.pdf,phase4_score_heatmap_by_celltype.pdf,pdf,42762,795b2f9acfa05adf35a5c07f688c257de6b2e9fea198a84cb62edfe58712dd27
figures/supplementary/phase4_score_heatmap_by_celltype__2.pdf,phase4_score_heatmap_by_celltype__2.pdf,pdf,42762,795b2f9acfa05adf35a5c07f688c257de6b2e9fea198a84cb62edfe58712dd27
figures/supplementary_figures/Supplementary Figure S1.pdf,Supplementary Figure S1.pdf,pdf,588806,b00193f1d4ce627ea0b5e3c3e24d36fafb80115b98d68a62038a57dc452c88c9
figures/supplementary_figures/Supplementary Figure S1.png,Supplementary Figure S1.png,png,907386,559791ac003731d9ac8ac39d606260a0635270082ee8511472c55af9181c3769
figures/supplementary_figures/Supplementary Figure S2.pdf,Supplementary Figure S2.pdf,pdf,450635,596a83708e925b53a32f5d50e5602b1339a874eecbbed9fd5da9571d99544349
figures/supplementary_figures/Supplementary Figure S2.png,Supplementary Figure S2.png,png,168680,fee165d5227f980a3753f3fa2ec08ec095d5400f21229b1aebc0d1bcd1e83554
figures/supplementary_figures/Supplementary Figure S3.pdf,Supplementary Figure S3.pdf,pdf,296602,0ec15f702517348e56ae7b6a40101e5341617bb95819367548e15fe1dd32fd4b
figures/supplementary_figures/Supplementary Figure S3.png,Supplementary Figure S3.png,png,238081,df6057e6b5d2ae4ab14c2c17d9cc9899ac02dcac7751890dbf6feaf6b240a843
figures/supplementary_figures/Supplementary Figure S4.pdf,Supplementary Figure S4.pdf,pdf,403761,4e22a99aaefd1476907363dc3fd2e5b683881e82975fc6b8af1e40788b14c3ae
figures/supplementary_figures/Supplementary Figure S4.png,Supplementary Figure S4.png,png,317211,4572670a3a92ec4b1a5f830db3c7e781f542e65124b08ef52017b4eedfb2230e
figures/supplementary_figures/Supplementary Figure S5.pdf,Supplementary Figure S5.pdf,pdf,154379,813cd80d814c326a69041251a8c6672211724819b2c6e176ec49d148790f76d4
figures/supplementary_figures/Supplementary Figure S5.png,Supplementary Figure S5.png,png,81293,7fe59e76a74590b1c9e0d9bd93784707bce2e602337fb5f0e987b0e8977a969c
figures/supplementary_figures/Supplementary Figure S6.pdf,Supplementary Figure S6.pdf,pdf,308365,07cc8ed440a098537b8ce1bd7713df463d3c237c28fdb0e75e9eaff4647cca3b
figures/supplementary_figures/Supplementary Figure S6.png,Supplementary Figure S6.png,png,737826,2f875d471c7da80983e70f745db732343f3160154dc7d1a0fe1c8d8c0ece5ff2
figures/supplementary_figures/Supplementary Figure S7.pdf,Supplementary Figure S7.pdf,pdf,2611113,d93284009818c56145a72a33c2718e68671dc283776793d76abbbc2952908141
figures/supplementary_figures/Supplementary Figure S7.png,Supplementary Figure S7.png,png,518483,2dc5edc2cab2a769eace61555c978acbc12089e332a06fbd9ce1fc0e6974545e
figures/supplementary_figures/Supplementary Figure S8.pdf,Supplementary Figure S8.pdf,pdf,4215387,ca62e7171144fbcd112368db7812d7a566d5208b42ad1970111f6f0e7aceb86a
figures/supplementary_figures/Supplementary Figure S8.png,Supplementary Figure S8.png,png,492567,c4cb64ff8be9da9cfda1abf0c2219d81743ba2fe379c929b63d2a0f825e5008d
LICENSE_note.md,LICENSE_note.md,md,279,f9d3ddd3d3ea3487c02032b2fea354143e7a0dbe2aa40a6d2e255c1c3fabdad8
metadata/code_manifest.csv,code_manifest.csv,csv,10111,6e778dbd619bb929becc12dafcb484706c0d3a28075a42a31846eed586bdf431
metadata/code_manifest__dup2.csv,code_manifest__dup2.csv,csv,4553,ee3ef79ab0dcd904949b9229cb8890fa59f130dc2e19141e526852c4381fba86
metadata/code_manifest__dup3.csv,code_manifest__dup3.csv,csv,3607,862d4842340bb52475f2ca77045ee697fad08f8aac898ea789528aa2b0d1fe70
metadata/data_dictionary.csv,data_dictionary.csv,csv,12550,3d9999c75522e2e4c386c6b78c20a57116acdf50d62d1819400c56f1489c37ec
metadata/data_dictionary__dup2.csv,data_dictionary__dup2.csv,csv,20930,56d2af9bebbdd1665513010098eaf1589dfbb131080d946fad98d1327effeffd
metadata/final_file_manifest.csv,final_file_manifest.csv,csv,30143,b86bf0ba562c9c8e94056378d79ab58be780ab91242ee2d656dc18b2a646468d
metadata/formula_A/LOCKED_PRFT_six_gene_formula_A.txt,LOCKED_PRFT_six_gene_formula_A.txt,txt,170,4aeda99c937be11a5038c6296e01b98a9c226d0019a54058814d2be3332cdcaf
metadata/formula_A/LOCKED_PRFT_six_gene_formula_A__dup2.txt,LOCKED_PRFT_six_gene_formula_A__dup2.txt,txt,170,4aeda99c937be11a5038c6296e01b98a9c226d0019a54058814d2be3332cdcaf
metadata/formula_A/LOCKED_PRFT_six_gene_formula_A_coefficients.csv,LOCKED_PRFT_six_gene_formula_A_coefficients.csv,csv,174,1949f81522e372f88810d301a03f46996dc00943fcb79d7edd8e556f6820bbf9
metadata/formula_A/README_formula_lock.md,README_formula_lock.md,md,642,903f6c6541a36e81f936cb6ce8cc5f9612871ed9650a8e0548a79e7a7e442db4
metadata/formula_A/six_gene_coefficients.csv,six_gene_coefficients.csv,csv,180,26b657df9184befbd2355e09a7bcee17bc3e0bf29e3678068093f77720e5e684
metadata/github_repository_final_file_mapping.csv,github_repository_final_file_mapping.csv,csv,20702,568c35439844b44eb66e4c076cec0737b71e141a21ee3923f08e2e5e6d3c4464
metadata/github_repository_final_replacement_QA.md,github_repository_final_replacement_QA.md,md,2459,f6e18f99a4955d740805fff706b1c78504b029b9ece0c9cdb4f4c2029776ea33
metadata/github_repository_final_replacement_risk_scan.csv,github_repository_final_replacement_risk_scan.csv,csv,207,16dab9b8e1cd9070d8c4e4565caba1e3bba9a9f07f6ff71467b1658ef0ecbe83
metadata/Package_version_verification_Phase27I.csv,Package_version_verification_Phase27I.csv,csv,10314,deb736deb96b2cf4bde6c48009b69cffd0bd6cea4aeef5b26764c3b93fe345c0
metadata/public_release_readiness_QA.md,public_release_readiness_QA.md,md,1523,d009cd87b1c1dc0a68cd0930190875b2219f92459d902d174acb0546902133da
metadata/public_release_risk_scan.csv,public_release_risk_scan.csv,csv,193,49e1021c1625a7618ed70f62f3e08da914389b326106e059bec91e8afc8506b5
metadata/public_repo_candidate_v2_CHANGELOG.md,public_repo_candidate_v2_CHANGELOG.md,md,617,2d43e8b44ca05d263bd1d35a31d9d0d032a81d99aa948495a57f723739032e4e
metadata/repository_manifest.csv,repository_manifest.csv,csv,30143,b86bf0ba562c9c8e94056378d79ab58be780ab91242ee2d656dc18b2a646468d
metadata/Repository_upload_manifest_Phase27I_final.csv,Repository_upload_manifest_Phase27I_final.csv,csv,14296,caccbff02c5f71d0d91708e9f363985a3e20444575f4e06eced712dcc4fa8832
README.md,README.md,md,3839,2602ee82231625eb7037628818b5530f08a5b91dc67354f34ba3da3d3a684bdd
results/AS_missing_input_audit.csv,AS_missing_input_audit.csv,csv,833,0b6ceec40af886e451f5b46c9f9e15273777e3ed10ee9a51cbd858201aa35c6c
results/beataml_drug_sensitivity_summary.csv,beataml_drug_sensitivity_summary.csv,csv,2848,1ce566c6f207ae6b257500751a7773c351791aabd6c1bafdaabe55ef5d47cb27
results/clinical_multivariable_cox_models.csv,clinical_multivariable_cox_models.csv,csv,3226,10db115239f56be7829c72beeaca9e8893032747e7e22a8c764869c74165a917
results/external_validation_main_results.csv,external_validation_main_results.csv,csv,1536,d248ca7947263cf5a6f556748a5d2696c07f68c2bc49ff67b9dc3f1b36f34643
results/Figure2_values_final_truth_table.csv,Figure2_values_final_truth_table.csv,csv,1406,dbbf48b4208be9ce728e7159ffb7afca46ce8e01f40840b548a146aa9945bfba
results/GEO_validation_summary.csv,GEO_validation_summary.csv,csv,1053,8bf52d5525fc147e7c7110fa0e3865be405c98bc781756544dae6753bedf56e2
results/GSE6891_GSE14468_exclusion_audit.csv,GSE6891_GSE14468_exclusion_audit.csv,csv,1253,2c13af145d04c8db2c26f8d0b39cbcef80d80c5e06514ff3d77b5c96e18d6057
results/installed_R_packages_initial.csv,installed_R_packages_initial.csv,csv,9099,bfe2ab346b0d6222726066e035c11e9165fe0d5ec80ccab14aa10c50ca93e0f7
results/Phase11_final_data_audit_summary.txt,Phase11_final_data_audit_summary.txt,txt,670,e53576b82ee3a340de2bc7d07146ab901da1f4dd2a9cf25202fdc524371822be
results/Phase27I_blocker_update_CN.csv,Phase27I_blocker_update_CN.csv,csv,2288,fac5852fd3b10cf1b7e21ebab34af954cee0d96022a73ee9d35e7e7cd2db4acf
results/PPI_hub_genes.csv,PPI_hub_genes.csv,csv,353,a3d80952990262b5533052484599f53f7c78ae4f92d52f991fd206f27a2e8db5
results/sample_flow_summary.csv,sample_flow_summary.csv,csv,1193,261a984d670f35092be8dabcb04abf20eb312f80481e65f130250a326fb8ca46
results/sc_signature_gene_coverage.csv,sc_signature_gene_coverage.csv,csv,1368,e16a2cc4b7a438b0d926d442321132cafc5009fa8fe61602da9e7bc50b8173fa
results/singlecell_patient_level_summary.csv,singlecell_patient_level_summary.csv,csv,659,850dd8727425c732a99ccfd9b97e0985d6e7e2d92c00a97028670e281b87acdd
results/state_recognition_SHAP_features.csv,state_recognition_SHAP_features.csv,csv,40187,c114ce0cef45057d041202cef41bc98aa3166d5cca93551765274fda0bc5d7d7
results/WGCNA_PRFT_positive_modules.csv,WGCNA_PRFT_positive_modules.csv,csv,22291,ff07c9212f5ab5454056e37fc06b9c69f03329a4b586e1ee2d4ec1d2957b3ba0
supplementary_tables/Supplementary Table S1 part 1.csv,Supplementary Table S1 part 1.csv,csv,1193,261a984d670f35092be8dabcb04abf20eb312f80481e65f130250a326fb8ca46
supplementary_tables/Supplementary Table S1 part 2.csv,Supplementary Table S1 part 2.csv,csv,28832,f95707f50b19d8cd9e7cd3a23f256aa868ec5282376753eecf3fefa0d8f6f784
supplementary_tables/Supplementary Table S10 part 1.csv,Supplementary Table S10 part 1.csv,csv,1895,4283f464477db7e2b17f3afd180a477acb046863cc53ab5d43eddb549d473f83
supplementary_tables/Supplementary Table S10 part 2.csv,Supplementary Table S10 part 2.csv,csv,353,a3d80952990262b5533052484599f53f7c78ae4f92d52f991fd206f27a2e8db5
supplementary_tables/Supplementary Table S11 part 1.csv,Supplementary Table S11 part 1.csv,csv,344339,7302ee6a1bc29b110b0d241c951ad85874c63c439a416086ff1faafc72e89c60
supplementary_tables/Supplementary Table S11 part 2.csv,Supplementary Table S11 part 2.csv,csv,4389,0b1bd500f35ac6c655bc06ec6ca4496d0cbb02248575fe67a975de75af51d4b8
supplementary_tables/Supplementary Table S12 part 1.csv,Supplementary Table S12 part 1.csv,csv,277955,f56db75777c66e1735f11f02d0bf46e24b9807921db34144add4d5bfd63ea168
supplementary_tables/Supplementary Table S12 part 2.csv,Supplementary Table S12 part 2.csv,csv,4805,cbad236df7fb2aad13b562a04c28f8f65893297dc83800f6d37cffc8d05343a7
supplementary_tables/Supplementary Table S13 part 1.csv,Supplementary Table S13 part 1.csv,csv,3332,c5e9c9e702109adf3fd17e1167c122097f875296b99f111545979c4ad9081dd6
supplementary_tables/Supplementary Table S13 part 2.csv,Supplementary Table S13 part 2.csv,csv,2839,0d6d4ebe1e210955ba6acc4950eed723fe21115a8fc4b8acefab0493891eab8d
supplementary_tables/Supplementary Table S14.csv,Supplementary Table S14.csv,csv,2122,0729dbcfbd7f2716992efcc5ea559cad7b6a30373dacf8fed187b00f4c040cb0
supplementary_tables/Supplementary Table S15 part 1.csv,Supplementary Table S15 part 1.csv,csv,833,0b6ceec40af886e451f5b46c9f9e15273777e3ed10ee9a51cbd858201aa35c6c
supplementary_tables/Supplementary Table S15 part 2.csv,Supplementary Table S15 part 2.csv,csv,11923,7c90806fce07a06ed77e4121e2664e1488971149eccd2c6d0f32c20d3b1872ec
supplementary_tables/Supplementary Table S2.csv,Supplementary Table S2.csv,csv,3637,accd9226fd4bb56c3dbf35d7124ea97c716fec22cd83292dfef087555383d890
supplementary_tables/Supplementary Table S3 part 1.csv,Supplementary Table S3 part 1.csv,csv,3174024,c2518b39035387caa1fa94523a50b67b35ddbdc31f8ed65680f6a693823fb627
supplementary_tables/Supplementary Table S3 part 2.csv,Supplementary Table S3 part 2.csv,csv,1747,20e7bdb15ec399ee7942ecc008aaf17c900ec2f033310ca92b3983c5f7ab819b
supplementary_tables/Supplementary Table S4.csv,Supplementary Table S4.csv,csv,160094,8b8139b08f54650f307a27cb710a8f9ba2a1e588f1df015221bb5ab0edfe5d06
supplementary_tables/Supplementary Table S5.csv,Supplementary Table S5.csv,csv,7002,9f59321ec617f6f9fd5bb244e7a73177581ee062b9b4f521d61c0150a2ad44c2
supplementary_tables/Supplementary Table S6 part 1.csv,Supplementary Table S6 part 1.csv,csv,180,26b657df9184befbd2355e09a7bcee17bc3e0bf29e3678068093f77720e5e684
supplementary_tables/Supplementary Table S6 part 2.txt,Supplementary Table S6 part 2.txt,txt,170,4aeda99c937be11a5038c6296e01b98a9c226d0019a54058814d2be3332cdcaf
supplementary_tables/Supplementary Table S7 part 1.csv,Supplementary Table S7 part 1.csv,csv,3226,10db115239f56be7829c72beeaca9e8893032747e7e22a8c764869c74165a917
supplementary_tables/Supplementary Table S7 part 2.csv,Supplementary Table S7 part 2.csv,csv,3419,851121282a5a62df106fa5349b4b8aba0e48e1fccf7bcaa4986859f8e730d9fd
supplementary_tables/Supplementary Table S8.csv,Supplementary Table S8.csv,csv,88250,e0411aeafd675ee9fbdc6fe3fde0ca1716f285bc06d9118091fcbfef3ed1c8e1
supplementary_tables/Supplementary Table S9.csv,Supplementary Table S9.csv,csv,40187,c114ce0cef45057d041202cef41bc98aa3166d5cca93551765274fda0bc5d7d7
