drug_name,metric_name,metric_direction_note,matched_samples,high_risk_samples,low_risk_samples,median_high,median_low,difference,P.Value,FDR,group_difference_interpretation,abs_difference
Venetoclax,auc,Higher AUC indicates lower ex vivo sensitivity / greater relative resistance.,367,182,185,194.904778187612,116.783877999794,78.1209001878175,1.75532663957582e-12,2.72075629134251e-10,Higher high-risk metric suggests greater ex vivo resistance,78.1209001878175
Cediranib (AZD2171),auc,Higher AUC indicates lower ex vivo sensitivity / greater relative resistance.,454,229,225,247.202693582769,268.194808443832,-20.992114861063,7.89456812022743e-09,6.11829029317626e-07,Lower high-risk metric suggests greater ex vivo sensitivity,20.992114861063
Motesanib (AMG-706),auc,Higher AUC indicates lower ex vivo sensitivity / greater relative resistance.,450,225,225,217.494075927748,250.425829157485,-32.931753229737,1.19417757699071e-08,6.16991748111868e-07,Lower high-risk metric suggests greater ex vivo sensitivity,32.931753229737
Selumetinib (AZD6244),auc,Higher AUC indicates lower ex vivo sensitivity / greater relative resistance.,456,230,226,179.118779853485,225.803381483796,-46.6846016303115,5.48867854093911e-08,2.12686293461391e-06,Lower high-risk metric suggests greater ex vivo sensitivity,46.6846016303115
Linifanib (ABT-869),auc,Higher AUC indicates lower ex vivo sensitivity / greater relative resistance.,453,226,227,179.065412972978,215.341335484531,-36.2759225115535,1.78055744390123e-07,5.05478702356664e-06,Lower high-risk metric suggests greater ex vivo sensitivity,36.2759225115535
17-AAG (Tanespimycin),auc,Higher AUC indicates lower ex vivo sensitivity / greater relative resistance.,449,225,224,137.204105775559,165.370419423343,-28.166313647784,1.95669175105806e-07,5.05478702356664e-06,Lower high-risk metric suggests greater ex vivo sensitivity,28.166313647784
Nilotinib,auc,Higher AUC indicates lower ex vivo sensitivity / greater relative resistance.,472,236,236,217.001153069221,238.791770299564,-21.7906172303425,2.62452975067704e-07,5.81145873364201e-06,Lower high-risk metric suggests greater ex vivo sensitivity,21.7906172303425
GSK-1838705A,auc,Higher AUC indicates lower ex vivo sensitivity / greater relative resistance.,453,228,225,221.984420427178,201.134461094813,20.8499593323645,4.46599587682616e-07,8.65286701135068e-06,Higher high-risk metric suggests greater ex vivo resistance,20.8499593323645
AT7519,auc,Higher AUC indicates lower ex vivo sensitivity / greater relative resistance.,446,227,219,123.934482248352,136.558939930588,-12.624457682236,1.29035555594835e-05,0.000222227901302216,Lower high-risk metric suggests greater ex vivo sensitivity,12.624457682236
Panobinostat,auc,Higher AUC indicates lower ex vivo sensitivity / greater relative resistance.,286,149,137,61.885909027695,85.8286919779153,-23.9427829502203,3.04902719171e-05,0.000436389677062361,Lower high-risk metric suggests greater ex vivo sensitivity,23.9427829502203
INK-128,auc,Higher AUC indicates lower ex vivo sensitivity / greater relative resistance.,458,232,226,106.32384186666,129.360663037599,-23.0368211709385,3.30007805477113e-05,0.000436389677062361,Lower high-risk metric suggests greater ex vivo sensitivity,23.0368211709385
Lenalidomide,auc,Higher AUC indicates lower ex vivo sensitivity / greater relative resistance.,265,135,130,263.598346917292,237.946424281997,25.6519226352955,3.37850072564409e-05,0.000436389677062361,Higher high-risk metric suggests greater ex vivo resistance,25.6519226352955
PHA-665752,auc,Higher AUC indicates lower ex vivo sensitivity / greater relative resistance.,452,229,223,225.740326292326,211.480273442085,14.260052850241,7.39896515823684e-05,0.000882184307328239,Higher high-risk metric suggests greater ex vivo resistance,14.260052850241
MK-2206,auc,Higher AUC indicates lower ex vivo sensitivity / greater relative resistance.,448,221,227,202.40088306746,222.938274283988,-20.537391216528,8.09339705420473e-05,0.000896054673858381,Lower high-risk metric suggests greater ex vivo sensitivity,20.537391216528
Vismodegib (GDC-0449),auc,Higher AUC indicates lower ex vivo sensitivity / greater relative resistance.,457,227,230,280.810213738086,285.626400826887,-4.81618708880143,0.000158356949511363,0.00163635514495075,Lower high-risk metric suggests greater ex vivo sensitivity,4.81618708880143
Dasatinib,auc,Higher AUC indicates lower ex vivo sensitivity / greater relative resistance.,493,248,245,156.907021494138,187.739912282774,-30.832890788636,0.000214110408207833,0.00207419457951338,Lower high-risk metric suggests greater ex vivo sensitivity,30.832890788636
Rapamycin,auc,Higher AUC indicates lower ex vivo sensitivity / greater relative resistance.,466,233,233,158.492480860616,175.830069164166,-17.33758830355,0.000346896624667363,0.00316288098961419,Lower high-risk metric suggests greater ex vivo sensitivity,17.33758830355
DBZ,auc,Higher AUC indicates lower ex vivo sensitivity / greater relative resistance.,366,185,181,247.605396659366,230.508214553711,17.097182105655,0.000522256446678087,0.00449720829083908,Higher high-risk metric suggests greater ex vivo resistance,17.097182105655
PHT-427,auc,Higher AUC indicates lower ex vivo sensitivity / greater relative resistance.,448,223,225,271.078928227995,280.264684020775,-9.18575579278001,0.000966747936752399,0.00788662790508536,Lower high-risk metric suggests greater ex vivo sensitivity,9.18575579278001
NF-kB Activation Inhibitor,auc,Higher AUC indicates lower ex vivo sensitivity / greater relative resistance.,441,221,220,212.610288930188,196.154018962408,16.4562699677805,0.00126222435824092,0.00978223877636714,Higher high-risk metric suggests greater ex vivo resistance,16.4562699677805
Doramapimod (BIRB 796),auc,Higher AUC indicates lower ex vivo sensitivity / greater relative resistance.,454,228,226,161.720882287975,181.032490853194,-19.3116085652195,0.00252041496797257,0.0179722057627261,Lower high-risk metric suggests greater ex vivo sensitivity,19.3116085652195
Trametinib (GSK1120212),auc,Higher AUC indicates lower ex vivo sensitivity / greater relative resistance.,484,242,242,110.468192550742,137.263964595485,-26.795772044743,0.00255089372116112,0.0179722057627261,Lower high-risk metric suggests greater ex vivo sensitivity,26.795772044743
Flavopiridol,auc,Higher AUC indicates lower ex vivo sensitivity / greater relative resistance.,451,226,225,101.793963126414,119.533017411849,-17.739054285435,0.00282657824555385,0.0187022322430819,Lower high-risk metric suggests greater ex vivo sensitivity,17.739054285435
KU-55933,auc,Higher AUC indicates lower ex vivo sensitivity / greater relative resistance.,453,227,226,246.257608307172,239.173665078466,7.08394322870601,0.00289582950860622,0.0187022322430819,Higher high-risk metric suggests greater ex vivo resistance,7.08394322870601
Ibrutinib (PCI-32765),auc,Higher AUC indicates lower ex vivo sensitivity / greater relative resistance.,438,216,222,191.185967399275,208.979951790214,-17.7939843909395,0.0031369135363716,0.0193482521707477,Lower high-risk metric suggests greater ex vivo sensitivity,17.7939843909395
SR9011,auc,Higher AUC indicates lower ex vivo sensitivity / greater relative resistance.,266,132,134,260.415231226326,247.243408770962,13.1718224553649,0.00324551326735123,0.0193482521707477,Higher high-risk metric suggests greater ex vivo resistance,13.1718224553649
GSK-2879552,auc,Higher AUC indicates lower ex vivo sensitivity / greater relative resistance.,84,37,47,274.519150431021,246.314324860686,28.204825570335,0.00398250131140087,0.0220417675141369,Higher high-risk metric suggests greater ex vivo resistance,28.204825570335
NVP-TAE684,auc,Higher AUC indicates lower ex vivo sensitivity / greater relative resistance.,451,227,224,199.98013567657,188.221812222936,11.758323453634,0.00401085021612111,0.0220417675141369,Higher high-risk metric suggests greater ex vivo resistance,11.758323453634
GDC-0941,auc,Higher AUC indicates lower ex vivo sensitivity / greater relative resistance.,424,220,204,135.368370062514,151.767221103229,-16.3988510407145,0.00412394359941916,0.0220417675141369,Lower high-risk metric suggests greater ex vivo sensitivity,16.3988510407145
Elesclomol,auc,Higher AUC indicates lower ex vivo sensitivity / greater relative resistance.,431,210,221,28.1905920544951,43.4672387640941,-15.2766467095991,0.00580092180468845,0.0299714293242237,Lower high-risk metric suggests greater ex vivo sensitivity,15.2766467095991
Bortezomib (Velcade),auc,Higher AUC indicates lower ex vivo sensitivity / greater relative resistance.,463,233,230,146.711213685886,159.403773707911,-12.692560022025,0.00611428270439483,0.0305714135219742,Lower high-risk metric suggests greater ex vivo sensitivity,12.692560022025
GDC-0879,auc,Higher AUC indicates lower ex vivo sensitivity / greater relative resistance.,456,231,225,285.428785716116,280.954091295824,4.474694420292,0.00746678086584763,0.0361672198189495,Higher high-risk metric suggests greater ex vivo resistance,4.474694420292
Idelalisib,auc,Higher AUC indicates lower ex vivo sensitivity / greater relative resistance.,444,227,217,186.929340422551,200.549743184597,-13.620402762046,0.00791981485117938,0.0371991303616001,Lower high-risk metric suggests greater ex vivo sensitivity,13.620402762046
JNJ-38877605,auc,Higher AUC indicates lower ex vivo sensitivity / greater relative resistance.,454,227,227,241.507927492561,232.116623784467,9.391303708094,0.00861386957679285,0.0392691113059674,Higher high-risk metric suggests greater ex vivo resistance,9.391303708094
MGCD-265,auc,Higher AUC indicates lower ex vivo sensitivity / greater relative resistance.,448,223,225,204.135318199002,217.501771463371,-13.366453264369,0.0110331884562214,0.0485634330771686,Lower high-risk metric suggests greater ex vivo sensitivity,13.366453264369
Erlotinib,auc,Higher AUC indicates lower ex vivo sensitivity / greater relative resistance.,485,243,242,227.789627800815,223.675985305831,4.11364249498351,0.0112792489727617,0.0485634330771686,Higher high-risk metric suggests greater ex vivo resistance,4.11364249498351
SNS-032 (BMS-387032),auc,Higher AUC indicates lower ex vivo sensitivity / greater relative resistance.,458,231,227,86.1905804300367,93.8250558960955,-7.6344754660588,0.0127976636712448,0.0536118342984578,Lower high-risk metric suggests greater ex vivo sensitivity,7.6344754660588
PRT062607,auc,Higher AUC indicates lower ex vivo sensitivity / greater relative resistance.,447,225,222,192.155553660477,203.979638857893,-11.824085197416,0.0139027135029377,0.0567084366567197,Lower high-risk metric suggests greater ex vivo sensitivity,11.824085197416
JQ1,auc,Higher AUC indicates lower ex vivo sensitivity / greater relative resistance.,348,178,170,135.835160106631,151.726257902801,-15.8910977961705,0.0157145003014532,0.0613322842244985,Lower high-risk metric suggests greater ex vivo sensitivity,15.8910977961705
GSK690693,auc,Higher AUC indicates lower ex vivo sensitivity / greater relative resistance.,447,224,223,243.789329175673,237.94713354533,5.84219563034301,0.0158276862514835,0.0613322842244985,Higher high-risk metric suggests greater ex vivo resistance,5.84219563034301
VX-745,auc,Higher AUC indicates lower ex vivo sensitivity / greater relative resistance.,457,231,226,193.183259671169,206.272937601036,-13.0896779298665,0.0175819043638288,0.0664681750339868,Lower high-risk metric suggests greater ex vivo sensitivity,13.0896779298665
SGX-523,auc,Higher AUC indicates lower ex vivo sensitivity / greater relative resistance.,453,231,222,257.648719310032,249.130727638335,8.5179916716975,0.0182274631714212,0.0672680188469115,Higher high-risk metric suggests greater ex vivo resistance,8.5179916716975
OTX-015,auc,Higher AUC indicates lower ex vivo sensitivity / greater relative resistance.,292,153,139,123.83252088231,147.481240831458,-23.648719949148,0.0187327125417247,0.0675248940457519,Lower high-risk metric suggests greater ex vivo sensitivity,23.648719949148
Neratinib (HKI-272),auc,Higher AUC indicates lower ex vivo sensitivity / greater relative resistance.,453,229,224,159.263680158659,153.960778910374,5.30290124828503,0.0219247620646823,0.0758763641206898,Higher high-risk metric suggests greater ex vivo resistance,5.30290124828503
Axitinib (AG-013736),auc,Higher AUC indicates lower ex vivo sensitivity / greater relative resistance.,476,237,239,192.734012177905,203.802689257248,-11.068677079343,0.0220286218414906,0.0758763641206898,Lower high-risk metric suggests greater ex vivo sensitivity,11.068677079343
Palbociclib,auc,Higher AUC indicates lower ex vivo sensitivity / greater relative resistance.,295,152,143,242.030693781163,227.844894079275,14.185799701888,0.0225247257604138,0.0758985324535683,Higher high-risk metric suggests greater ex vivo resistance,14.185799701888
BMS-754807,auc,Higher AUC indicates lower ex vivo sensitivity / greater relative resistance.,41,20,21,247.523998262579,190.015637302557,57.508360960022,0.0240585114025559,0.0793418993063013,Higher high-risk metric suggests greater ex vivo resistance,57.508360960022
BEZ235,auc,Higher AUC indicates lower ex vivo sensitivity / greater relative resistance.,449,222,227,133.369293446661,145.148881265851,-11.77958781919,0.0274894517666236,0.0887680213297222,Lower high-risk metric suggests greater ex vivo sensitivity,11.77958781919
Ralimetinib (LY2228820),auc,Higher AUC indicates lower ex vivo sensitivity / greater relative resistance.,42,20,22,106.106834265848,160.295835012414,-54.1890007465658,0.0282940560259415,0.0895016057963454,Lower high-risk metric suggests greater ex vivo sensitivity,54.1890007465658
PI-103,auc,Higher AUC indicates lower ex vivo sensitivity / greater relative resistance.,452,225,227,128.253816719519,140.806925389867,-12.553108670348,0.0300156328284296,0.0913110241010776,Lower high-risk metric suggests greater ex vivo sensitivity,12.553108670348
Artemisinin,auc,Higher AUC indicates lower ex vivo sensitivity / greater relative resistance.,196,97,99,269.803630064828,259.326354465437,10.477275599391,0.0305476259067029,0.0913110241010776,Higher high-risk metric suggests greater ex vivo resistance,10.477275599391
YM-155,auc,Higher AUC indicates lower ex vivo sensitivity / greater relative resistance.,459,231,228,241.988128316828,250.085834188864,-8.09770587203599,0.0306333758274583,0.0913110241010776,Lower high-risk metric suggests greater ex vivo sensitivity,8.09770587203599
Bosutinib (SKI-606),auc,Higher AUC indicates lower ex vivo sensitivity / greater relative resistance.,456,230,226,202.308083856043,214.302049852314,-11.9939659962705,0.0391858450242357,0.114600112806727,Lower high-risk metric suggests greater ex vivo sensitivity,11.9939659962705
A-674563,auc,Higher AUC indicates lower ex vivo sensitivity / greater relative resistance.,461,233,228,136.133113474814,126.234717393634,9.89839608118,0.043700895120913,0.125437754513732,Higher high-risk metric suggests greater ex vivo resistance,9.89839608118
STO609,auc,Higher AUC indicates lower ex vivo sensitivity / greater relative resistance.,415,209,206,264.381870189958,258.198502122816,6.183368067142,0.046059165391869,0.126331078282386,Higher high-risk metric suggests greater ex vivo resistance,6.183368067142
PP242,auc,Higher AUC indicates lower ex vivo sensitivity / greater relative resistance.,458,230,228,124.474982465788,140.495881927796,-16.020899462008,0.0461172520163867,0.126331078282386,Lower high-risk metric suggests greater ex vivo sensitivity,16.020899462008
Crenolanib,auc,Higher AUC indicates lower ex vivo sensitivity / greater relative resistance.,446,227,219,215.561446955937,225.682708371248,-10.121261415311,0.046511317914657,0.126331078282386,Lower high-risk metric suggests greater ex vivo sensitivity,10.121261415311
CI-1040 (PD184352),auc,Higher AUC indicates lower ex vivo sensitivity / greater relative resistance.,461,233,228,185.031529832285,195.347367979153,-10.315838146868,0.0474025333057178,0.126331078282386,Lower high-risk metric suggests greater ex vivo sensitivity,10.315838146868
Azacytidine,auc,Higher AUC indicates lower ex vivo sensitivity / greater relative resistance.,367,185,182,243.72173953933,236.241707642309,7.48003189702101,0.0480873136687791,0.126331078282386,Higher high-risk metric suggests greater ex vivo resistance,7.48003189702101
Foretinib (XL880),auc,Higher AUC indicates lower ex vivo sensitivity / greater relative resistance.,453,230,223,111.572486526111,122.192092543713,-10.619606017602,0.0522864875042366,0.135073426052611,Lower high-risk metric suggests greater ex vivo sensitivity,10.619606017602
Tivozanib (AV-951),auc,Higher AUC indicates lower ex vivo sensitivity / greater relative resistance.,448,224,224,165.584342462469,179.755663430606,-14.1713209681365,0.0562796398464052,0.143005642232669,Lower high-risk metric suggests greater ex vivo sensitivity,14.1713209681365
AT-101,auc,Higher AUC indicates lower ex vivo sensitivity / greater relative resistance.,85,38,47,209.127596834409,197.570362428592,11.5572344058165,0.0677966380588364,0.169491595147091,Higher high-risk metric suggests greater ex vivo resistance,11.5572344058165
LY294002,auc,Higher AUC indicates lower ex vivo sensitivity / greater relative resistance.,86,44,42,141.553817334245,171.123313621004,-29.569496286758,0.0772072606649004,0.189656619762863,Lower high-risk metric suggests greater ex vivo sensitivity,29.569496286758
Afatinib (BIBW-2992),auc,Higher AUC indicates lower ex vivo sensitivity / greater relative resistance.,459,232,227,167.812310359215,165.871549747649,1.94076061156551,0.0783098300956336,0.189656619762863,Higher high-risk metric suggests greater ex vivo resistance,1.94076061156551
MLN8054,auc,Higher AUC indicates lower ex vivo sensitivity / greater relative resistance.,452,226,226,256.025433778376,254.955439132268,1.069994646108,0.0795543141016825,0.189706441319397,Higher high-risk metric suggests greater ex vivo resistance,1.069994646108
PH-797804,auc,Higher AUC indicates lower ex vivo sensitivity / greater relative resistance.,45,21,24,118.954838752374,153.070040810428,-34.1152020580535,0.0817500949400955,0.191988859329012,Lower high-risk metric suggests greater ex vivo sensitivity,34.1152020580535
NVP-AEW541,auc,Higher AUC indicates lower ex vivo sensitivity / greater relative resistance.,44,20,24,229.25502114814,222.527457433583,6.72756371455699,0.0831975619898421,0.192471971767545,Higher high-risk metric suggests greater ex vivo resistance,6.72756371455699
SB-431542,auc,Higher AUC indicates lower ex vivo sensitivity / greater relative resistance.,459,232,227,255.295581638729,251.738865888455,3.55671575027401,0.0849631122125376,0.193665917543284,Higher high-risk metric suggests greater ex vivo resistance,3.55671575027401
Pazopanib (GW786034),auc,Higher AUC indicates lower ex vivo sensitivity / greater relative resistance.,467,235,232,213.319948456819,218.338663302889,-5.01871484607003,0.0895704369651256,0.20047312866457,Lower high-risk metric suggests greater ex vivo sensitivity,5.01871484607003
Go6976,auc,Higher AUC indicates lower ex vivo sensitivity / greater relative resistance.,85,44,41,175.93292856474,205.384129496445,-29.451200931705,0.090536251654967,0.20047312866457,Lower high-risk metric suggests greater ex vivo sensitivity,29.451200931705
Lenvatinib,auc,Higher AUC indicates lower ex vivo sensitivity / greater relative resistance.,343,175,168,162.713371149773,169.870254142121,-7.15688299234799,0.0961382506993567,0.208925815365681,Lower high-risk metric suggests greater ex vivo sensitivity,7.15688299234799
AZD1152-HQPA (AZD2811),auc,Higher AUC indicates lower ex vivo sensitivity / greater relative resistance.,455,229,226,228.889272286582,220.952886602403,7.93638568417902,0.0970494110085746,0.208925815365681,Higher high-risk metric suggests greater ex vivo resistance,7.93638568417902
RAF265 (CHIR-265),auc,Higher AUC indicates lower ex vivo sensitivity / greater relative resistance.,450,223,227,160.597767750334,154.056917585989,6.54085016434499,0.105542231791185,0.223655124770162,Higher high-risk metric suggests greater ex vivo resistance,6.54085016434499
Saracatinib (AZD0530),auc,Higher AUC indicates lower ex vivo sensitivity / greater relative resistance.,450,225,225,213.482175197681,220.416122204098,-6.93394700641701,0.107679626017342,0.223655124770162,Lower high-risk metric suggests greater ex vivo sensitivity,6.93394700641701
AKT Inhibitor IV,auc,Higher AUC indicates lower ex vivo sensitivity / greater relative resistance.,83,44,39,122.988581470612,140.315549661478,-17.3269681908665,0.109601053659781,0.223655124770162,Lower high-risk metric suggests greater ex vivo sensitivity,17.3269681908665
Vargetef,auc,Higher AUC indicates lower ex vivo sensitivity / greater relative resistance.,452,223,229,184.027838955349,177.799009323621,6.22882963172802,0.110803358920188,0.223655124770162,Higher high-risk metric suggests greater ex vivo resistance,6.22882963172802
LY-333531,auc,Higher AUC indicates lower ex vivo sensitivity / greater relative resistance.,415,208,207,213.814291684418,210.155232669313,3.6590590151045,0.111106094240661,0.223655124770162,Higher high-risk metric suggests greater ex vivo resistance,3.6590590151045
JNJ-7706621,auc,Higher AUC indicates lower ex vivo sensitivity / greater relative resistance.,457,229,228,235.948067915649,240.655626281284,-4.7075583656345,0.119712872876425,0.237890965331357,Lower high-risk metric suggests greater ex vivo sensitivity,4.7075583656345
Ruxolitinib (INCB018424),auc,Higher AUC indicates lower ex vivo sensitivity / greater relative resistance.,449,232,217,227.800684552251,233.473088345682,-5.67240379343099,0.123555630922018,0.241421898434346,Lower high-risk metric suggests greater ex vivo sensitivity,5.67240379343099
PD173955,auc,Higher AUC indicates lower ex vivo sensitivity / greater relative resistance.,453,223,230,187.75041560746,199.544286263263,-11.793870655803,0.125616754440051,0.241421898434346,Lower high-risk metric suggests greater ex vivo sensitivity,11.793870655803
JAK Inhibitor I,auc,Higher AUC indicates lower ex vivo sensitivity / greater relative resistance.,448,226,222,176.187480504324,178.628016630938,-2.44053612661349,0.126162411439884,0.241421898434346,Lower high-risk metric suggests greater ex vivo sensitivity,2.44053612661349
Gilteritinib,auc,Higher AUC indicates lower ex vivo sensitivity / greater relative resistance.,278,142,136,135.73966638703,146.544822047486,-10.8051556604565,0.137766322169039,0.260411950441475,Lower high-risk metric suggests greater ex vivo sensitivity,10.8051556604565
AZD1480,auc,Higher AUC indicates lower ex vivo sensitivity / greater relative resistance.,456,230,226,227.757486833736,233.103717766541,-5.3462309328055,0.145398198489543,0.271445403821547,Lower high-risk metric suggests greater ex vivo sensitivity,5.3462309328055
Bay 11-7085,auc,Higher AUC indicates lower ex vivo sensitivity / greater relative resistance.,343,173,170,261.454732875336,256.210302587591,5.2444302877455,0.147585910612928,0.271445403821547,Higher high-risk metric suggests greater ex vivo resistance,5.2444302877455
TG100-115,auc,Higher AUC indicates lower ex vivo sensitivity / greater relative resistance.,451,230,221,243.633390256248,247.016096071692,-3.38270581544452,0.150375807415182,0.271445403821547,Lower high-risk metric suggests greater ex vivo sensitivity,3.38270581544452
Ponatinib (AP24534),auc,Higher AUC indicates lower ex vivo sensitivity / greater relative resistance.,301,159,142,132.513698323453,142.142901172046,-9.62920284859248,0.150608417604213,0.271445403821547,Lower high-risk metric suggests greater ex vivo sensitivity,9.62920284859248
Birinapant,auc,Higher AUC indicates lower ex vivo sensitivity / greater relative resistance.,86,38,48,140.77572271604,160.056684254007,-19.2809615379665,0.155084437978324,0.27629986076598,Lower high-risk metric suggests greater ex vivo sensitivity,19.2809615379665
Staurosporine,auc,Higher AUC indicates lower ex vivo sensitivity / greater relative resistance.,89,45,44,189.939199769809,210.921017168054,-20.9818173982445,0.160056263106539,0.281917281608109,Lower high-risk metric suggests greater ex vivo sensitivity,20.9818173982445
Lapatinib,auc,Higher AUC indicates lower ex vivo sensitivity / greater relative resistance.,464,231,233,227.358429792215,227.512072758169,-0.15364296595402,0.183006086782813,0.318718465745348,Lower high-risk metric suggests greater ex vivo sensitivity,0.15364296595402
Cabozantinib,auc,Higher AUC indicates lower ex vivo sensitivity / greater relative resistance.,450,226,224,165.422623669517,177.476174796454,-12.053551126937,0.190062038134105,0.325677731455632,Lower high-risk metric suggests greater ex vivo sensitivity,12.053551126937
KW-2449,auc,Higher AUC indicates lower ex vivo sensitivity / greater relative resistance.,449,229,220,212.521681490817,212.779640272414,-0.257958781596983,0.191204345564274,0.325677731455632,Lower high-risk metric suggests greater ex vivo sensitivity,0.257958781596983
Lovastatin,auc,Higher AUC indicates lower ex vivo sensitivity / greater relative resistance.,134,66,68,247.320112663965,232.798890497667,14.5212221662975,0.197611188709295,0.332829718386176,Higher high-risk metric suggests greater ex vivo resistance,14.5212221662975
KI20227,auc,Higher AUC indicates lower ex vivo sensitivity / greater relative resistance.,405,203,202,178.144029990058,187.8897900314,-9.74576004134204,0.199697831031706,0.332829718386176,Lower high-risk metric suggests greater ex vivo sensitivity,9.74576004134204
CHIR-99021,auc,Higher AUC indicates lower ex vivo sensitivity / greater relative resistance.,457,228,229,277.830497606356,275.757310663981,2.07318694237449,0.204265625532487,0.336820978271654,Higher high-risk metric suggests greater ex vivo resistance,2.07318694237449
Sunitinib,auc,Higher AUC indicates lower ex vivo sensitivity / greater relative resistance.,488,242,246,199.250854583426,204.527258860678,-5.27640427725251,0.222878440735739,0.363643771726732,Lower high-risk metric suggests greater ex vivo sensitivity,5.27640427725251
XMD 8-87,auc,Higher AUC indicates lower ex vivo sensitivity / greater relative resistance.,45,21,24,215.695304059921,207.603390079646,8.091913980275,0.23485816921715,0.37919808571519,Higher high-risk metric suggests greater ex vivo resistance,8.091913980275
Volasertib (BI-6727),auc,Higher AUC indicates lower ex vivo sensitivity / greater relative resistance.,349,175,174,161.663019929241,157.242625038419,4.42039489082151,0.256432055805161,0.407361816633976,Higher high-risk metric suggests greater ex vivo resistance,4.42039489082151
Metformin,auc,Higher AUC indicates lower ex vivo sensitivity / greater relative resistance.,43,22,21,273.726582414702,256.210779919823,17.515802494879,0.257557793742772,0.407361816633976,Higher high-risk metric suggests greater ex vivo resistance,17.515802494879
Tandutinib (MLN518),auc,Higher AUC indicates lower ex vivo sensitivity / greater relative resistance.,83,41,42,203.021736847901,214.467973204036,-11.4462363561345,0.278004914683656,0.435260219959259,Lower high-risk metric suggests greater ex vivo sensitivity,11.4462363561345
Selinexor,auc,Higher AUC indicates lower ex vivo sensitivity / greater relative resistance.,241,120,121,99.6722937013176,91.9474425861875,7.72485111513005,0.304193229483862,0.471499505699986,Higher high-risk metric suggests greater ex vivo resistance,7.72485111513005
Vatalanib (PTK787),auc,Higher AUC indicates lower ex vivo sensitivity / greater relative resistance.,452,225,227,221.738544774326,226.377357030105,-4.63881225577902,0.311440342109298,0.473303251308498,Lower high-risk metric suggests greater ex vivo sensitivity,4.63881225577902
AGI-6780,auc,Higher AUC indicates lower ex vivo sensitivity / greater relative resistance.,297,154,143,246.069101704616,241.115262666945,4.953839037671,0.311464075054625,0.473303251308498,Higher high-risk metric suggests greater ex vivo resistance,4.953839037671
Entospletinib (GS-9973),auc,Higher AUC indicates lower ex vivo sensitivity / greater relative resistance.,313,158,155,181.027916412741,187.631096584179,-6.60318017143848,0.315507399338145,0.474792688324394,Lower high-risk metric suggests greater ex vivo sensitivity,6.60318017143848
Tofacitinib (CP-690550),auc,Higher AUC indicates lower ex vivo sensitivity / greater relative resistance.,458,230,228,220.786700554911,226.312310727348,-5.5256101724365,0.329688620948475,0.491362848528977,Lower high-risk metric suggests greater ex vivo sensitivity,5.5256101724365
Olaparib,auc,Higher AUC indicates lower ex vivo sensitivity / greater relative resistance.,148,70,78,274.827026732895,277.575422746131,-2.74839601323595,0.334999945586408,0.494523729198983,Lower high-risk metric suggests greater ex vivo sensitivity,2.74839601323595
Indisulam,auc,Higher AUC indicates lower ex vivo sensitivity / greater relative resistance.,117,61,56,183.724507624311,188.373377100386,-4.64886947607499,0.341042317423785,0.498693954723459,Lower high-risk metric suggests greater ex vivo sensitivity,4.64886947607499
SB-203580,auc,Higher AUC indicates lower ex vivo sensitivity / greater relative resistance.,85,43,42,209.079085560459,226.124495445504,-17.0454098850445,0.346523045069429,0.501972635380949,Lower high-risk metric suggests greater ex vivo sensitivity,17.0454098850445
KN92,auc,Higher AUC indicates lower ex vivo sensitivity / greater relative resistance.,85,43,42,237.868767456029,244.051060603544,-6.18229314751451,0.351041612640794,0.503809721845584,Lower high-risk metric suggests greater ex vivo sensitivity,6.18229314751451
p38 MAP Kinase Inhibitor,auc,Higher AUC indicates lower ex vivo sensitivity / greater relative resistance.,85,43,42,224.570767062591,240.824484094795,-16.2537170322045,0.369482966217639,0.52541155746545,Lower high-risk metric suggests greater ex vivo sensitivity,16.2537170322045
JNK Inhibitor II,auc,Higher AUC indicates lower ex vivo sensitivity / greater relative resistance.,82,42,40,207.044285737771,208.336790547847,-1.29250481007648,0.378156416459343,0.532856768647257,Lower high-risk metric suggests greater ex vivo sensitivity,1.29250481007648
Gefitinib,auc,Higher AUC indicates lower ex vivo sensitivity / greater relative resistance.,466,239,227,236.537492793329,240.055590176693,-3.51809738336399,0.394212618202642,0.550477079472158,Lower high-risk metric suggests greater ex vivo sensitivity,3.51809738336399
Baiclein,auc,Higher AUC indicates lower ex vivo sensitivity / greater relative resistance.,45,22,23,277.707459323516,275.325124765998,2.38233455751748,0.401536788647032,0.555698234288303,Higher high-risk metric suggests greater ex vivo resistance,2.38233455751748
NVP-ADW742,auc,Higher AUC indicates lower ex vivo sensitivity / greater relative resistance.,444,220,224,221.031694962612,217.170253578417,3.86144138419502,0.408433928393586,0.558557158224593,Higher high-risk metric suggests greater ex vivo resistance,3.86144138419502
Midostaurin,auc,Higher AUC indicates lower ex vivo sensitivity / greater relative resistance.,462,225,237,202.216827283008,205.215034842016,-2.99820755900799,0.411101729580872,0.558557158224593,Lower high-risk metric suggests greater ex vivo sensitivity,2.99820755900799
BI-2536,auc,Higher AUC indicates lower ex vivo sensitivity / greater relative resistance.,110,56,54,155.505500768007,164.021664727904,-8.51616395989652,0.414413375456956,0.558557158224593,Lower high-risk metric suggests greater ex vivo sensitivity,8.51616395989652
ABT-737,auc,Higher AUC indicates lower ex vivo sensitivity / greater relative resistance.,236,120,116,190.739969909629,184.523844715949,6.21612519368,0.421462449957874,0.558902756047952,Higher high-risk metric suggests greater ex vivo resistance,6.21612519368
XAV-939,auc,Higher AUC indicates lower ex vivo sensitivity / greater relative resistance.,270,138,132,258.332569802069,261.386531614978,-3.05396181290899,0.421985330688731,0.558902756047952,Lower high-risk metric suggests greater ex vivo sensitivity,3.05396181290899
BMS-345541,auc,Higher AUC indicates lower ex vivo sensitivity / greater relative resistance.,462,231,231,239.313313693031,235.018756431635,4.29455726139599,0.425487259442957,0.558902756047952,Higher high-risk metric suggests greater ex vivo resistance,4.29455726139599
GSK-1904529A,auc,Higher AUC indicates lower ex vivo sensitivity / greater relative resistance.,452,226,226,249.18174273381,247.869142820556,1.31259991325399,0.430564751001086,0.560819633656877,Higher high-risk metric suggests greater ex vivo resistance,1.31259991325399
AMPK Inhibitor,auc,Higher AUC indicates lower ex vivo sensitivity / greater relative resistance.,85,43,42,212.173562225593,227.073828105466,-14.9002658798725,0.481162439685158,0.614042024169536,Lower high-risk metric suggests greater ex vivo sensitivity,14.9002658798725
H-89,auc,Higher AUC indicates lower ex vivo sensitivity / greater relative resistance.,413,208,205,232.499100879347,234.556346669636,-2.05724579028902,0.484450514749856,0.614042024169536,Lower high-risk metric suggests greater ex vivo sensitivity,2.05724579028902
Imatinib,auc,Higher AUC indicates lower ex vivo sensitivity / greater relative resistance.,505,253,252,234.033877764782,234.358378111716,-0.32450034693349,0.488983915764215,0.614042024169536,Lower high-risk metric suggests greater ex vivo sensitivity,0.32450034693349
Cytarabine,auc,Higher AUC indicates lower ex vivo sensitivity / greater relative resistance.,329,168,161,193.46283127352,200.741160315387,-7.27832904186749,0.489166943306665,0.614042024169536,Lower high-risk metric suggests greater ex vivo sensitivity,7.27832904186749
Nutlin 3a,auc,Higher AUC indicates lower ex vivo sensitivity / greater relative resistance.,323,165,158,253.732953652777,251.666559192483,2.06639446029402,0.491233619335629,0.614042024169536,Higher high-risk metric suggests greater ex vivo resistance,2.06639446029402
Ranolazine,auc,Higher AUC indicates lower ex vivo sensitivity / greater relative resistance.,45,22,23,224.786971000717,225.855957120059,-1.0689861193425,0.495690763560091,0.614656546814513,Lower high-risk metric suggests greater ex vivo sensitivity,1.0689861193425
Regorafenib (BAY 73-4506),auc,Higher AUC indicates lower ex vivo sensitivity / greater relative resistance.,450,226,224,181.694201826698,183.923454158562,-2.22925233186302,0.502242157086878,0.617837574194176,Lower high-risk metric suggests greater ex vivo sensitivity,2.22925233186302
Sorafenib,auc,Higher AUC indicates lower ex vivo sensitivity / greater relative resistance.,494,248,246,194.186949574503,194.664199904953,-0.477250330450033,0.510268229454421,0.62276831153886,Lower high-risk metric suggests greater ex vivo sensitivity,0.477250330450033
Perhexiline maleate,auc,Higher AUC indicates lower ex vivo sensitivity / greater relative resistance.,37,18,19,165.883111656241,168.748667963313,-2.86555630707252,0.557831445694288,0.67314283187798,Lower high-risk metric suggests greater ex vivo sensitivity,2.86555630707252
SU11274,auc,Higher AUC indicates lower ex vivo sensitivity / greater relative resistance.,402,202,200,216.459612609831,218.350112699379,-1.89050008954746,0.560228550401674,0.67314283187798,Lower high-risk metric suggests greater ex vivo sensitivity,1.89050008954746
Entrectinib,auc,Higher AUC indicates lower ex vivo sensitivity / greater relative resistance.,215,106,109,181.803355810271,185.327517215996,-3.52416140572501,0.582803321697793,0.694880883562754,Lower high-risk metric suggests greater ex vivo sensitivity,3.52416140572501
AGI-5198,auc,Higher AUC indicates lower ex vivo sensitivity / greater relative resistance.,299,154,145,249.602085109797,249.170242589854,0.43184251994299,0.603083567418544,0.713572159922705,Higher high-risk metric suggests greater ex vivo resistance,0.43184251994299
Lestaurtinib (CEP-701),auc,Higher AUC indicates lower ex vivo sensitivity / greater relative resistance.,84,42,42,165.665247415543,176.103162425284,-10.4379150097405,0.640271217800821,0.751833626963085,Lower high-risk metric suggests greater ex vivo sensitivity,10.4379150097405
Etomoxir,auc,Higher AUC indicates lower ex vivo sensitivity / greater relative resistance.,44,22,22,256.788833438732,249.673833303522,7.11500013520998,0.663487673067581,0.762706762145198,Higher high-risk metric suggests greater ex vivo resistance,7.11500013520998
Roscovitine (CYC-202),auc,Higher AUC indicates lower ex vivo sensitivity / greater relative resistance.,462,232,230,264.906437225312,263.128094551244,1.77834267406803,0.663631400236657,0.762706762145198,Higher high-risk metric suggests greater ex vivo resistance,1.77834267406803
Vandetanib (ZD6474),auc,Higher AUC indicates lower ex vivo sensitivity / greater relative resistance.,481,240,241,226.363851247728,231.680562357978,-5.31671111025,0.664292986384527,0.762706762145198,Lower high-risk metric suggests greater ex vivo sensitivity,5.31671111025
Canertinib (CI-1033),auc,Higher AUC indicates lower ex vivo sensitivity / greater relative resistance.,455,229,226,222.037729384868,220.511803427799,1.52592595706898,0.675004836222562,0.769306982459538,Higher high-risk metric suggests greater ex vivo resistance,1.52592595706898
Vemurafenib (PLX-4032),auc,Higher AUC indicates lower ex vivo sensitivity / greater relative resistance.,358,184,174,252.968911883305,251.689280173373,1.27963170993201,0.713371390922417,0.807099018926822,Higher high-risk metric suggests greater ex vivo resistance,1.27963170993201
MLN120B,auc,Higher AUC indicates lower ex vivo sensitivity / greater relative resistance.,453,230,223,243.685857555281,240.855968758636,2.82988879664498,0.737706790202674,0.823477631447652,Higher high-risk metric suggests greater ex vivo resistance,2.82988879664498
SB-202190,auc,Higher AUC indicates lower ex vivo sensitivity / greater relative resistance.,85,43,42,204.978799597961,206.764239750185,-1.785440152224,0.742967033912923,0.823477631447652,Lower high-risk metric suggests greater ex vivo sensitivity,1.785440152224
JNJ-28312141,auc,Higher AUC indicates lower ex vivo sensitivity / greater relative resistance.,316,161,155,147.478446369501,147.666416098903,-0.187969729401999,0.745998401541599,0.823477631447652,Lower high-risk metric suggests greater ex vivo sensitivity,0.187969729401999
Dovitinib (CHIR-258),auc,Higher AUC indicates lower ex vivo sensitivity / greater relative resistance.,455,230,225,154.867391167589,153.053977947478,1.8134132201105,0.749099006671735,0.823477631447652,Higher high-risk metric suggests greater ex vivo resistance,1.8134132201105
S31-201,auc,Higher AUC indicates lower ex vivo sensitivity / greater relative resistance.,403,201,202,237.7332559184,234.29288387326,3.44037204514052,0.778732245626772,0.850024634310913,Higher high-risk metric suggests greater ex vivo resistance,3.44037204514052
TG101348,auc,Higher AUC indicates lower ex vivo sensitivity / greater relative resistance.,85,42,43,159.39649033579,157.576245150199,1.82024518559103,0.789702778506487,0.855971543136402,Higher high-risk metric suggests greater ex vivo resistance,1.82024518559103
CYT387,auc,Higher AUC indicates lower ex vivo sensitivity / greater relative resistance.,455,228,227,171.804705426887,173.052617076555,-1.24791164966803,0.825609087435962,0.886691331291983,Lower high-risk metric suggests greater ex vivo sensitivity,1.24791164966803
Tozasertib (VX-680),auc,Higher AUC indicates lower ex vivo sensitivity / greater relative resistance.,458,231,227,217.801572860883,219.102669852833,-1.30109699195,0.829485438950565,0.886691331291983,Lower high-risk metric suggests greater ex vivo sensitivity,1.30109699195
Masitinib (AB-1010),auc,Higher AUC indicates lower ex vivo sensitivity / greater relative resistance.,448,224,224,205.327024331859,210.81303528074,-5.48601094888096,0.904727429236191,0.96049829816171,Lower high-risk metric suggests greater ex vivo sensitivity,5.48601094888096
PLX-4720,auc,Higher AUC indicates lower ex vivo sensitivity / greater relative resistance.,88,45,43,228.09830230711,227.7961195223,0.302182784810015,0.927213741284075,0.976989489955017,Higher high-risk metric suggests greater ex vivo resistance,0.302182784810015
BLZ945,auc,Higher AUC indicates lower ex vivo sensitivity / greater relative resistance.,45,21,24,180.421123462877,193.16512165532,-12.7439981924425,0.93717560837748,0.976989489955017,Lower high-risk metric suggests greater ex vivo sensitivity,12.7439981924425
Alisertib (MLN8237),auc,Higher AUC indicates lower ex vivo sensitivity / greater relative resistance.,459,232,227,234.223134239001,235.653829272894,-1.4306950338935,0.949493475449711,0.976989489955017,Lower high-risk metric suggests greater ex vivo sensitivity,1.4306950338935
GW-2580,auc,Higher AUC indicates lower ex vivo sensitivity / greater relative resistance.,440,223,217,203.822349905959,208.489320977833,-4.666971071874,0.949774847614387,0.976989489955017,Lower high-risk metric suggests greater ex vivo sensitivity,4.666971071874
KN93,auc,Higher AUC indicates lower ex vivo sensitivity / greater relative resistance.,86,44,42,243.442872883578,242.227406026064,1.215466857514,0.951776857956178,0.976989489955017,Higher high-risk metric suggests greater ex vivo resistance,1.215466857514
Pelitinib (EKB-569),auc,Higher AUC indicates lower ex vivo sensitivity / greater relative resistance.,452,229,223,156.12730923226,160.029627359217,-3.902318126957,0.965818156536389,0.984880356994344,Lower high-risk metric suggests greater ex vivo sensitivity,3.902318126957
Quizartinib (AC220),auc,Higher AUC indicates lower ex vivo sensitivity / greater relative resistance.,461,232,229,146.637293646081,148.230760952786,-1.59346730670552,0.980754688129027,0.993575010849668,Lower high-risk metric suggests greater ex vivo sensitivity,1.59346730670552
PP2,auc,Higher AUC indicates lower ex vivo sensitivity / greater relative resistance.,85,44,41,226.428404697556,224.07775980133,2.3506448962255,0.996510133165793,1,Higher high-risk metric suggests greater ex vivo resistance,2.3506448962255
Crizotinib (PF-2341066),auc,Higher AUC indicates lower ex vivo sensitivity / greater relative resistance.,470,237,233,195.565073870767,198.419227261671,-2.854153390904,1,1,Lower high-risk metric suggests greater ex vivo sensitivity,2.854153390904
