gene_symbol,direction_in_PRFT_high,log2FC,FDR,rank,used_for_CMap,source_DEG_file,comment
HNMT,upregulated_in_PRFT_high,2.62667330927561,4.75279400780901e-08,1,yes,E:\ai助手\AML_PRFT_Human_Genomics_phase0_audit\03_results_tables\05_deg\deg_prft_high_vs_low_tcga_all.csv,Filtered from existing DEG table with FDR < 0.05; no DEG rerun.
CTSG,upregulated_in_PRFT_high,2.59955792568834,3.94345089395433e-06,2,yes,E:\ai助手\AML_PRFT_Human_Genomics_phase0_audit\03_results_tables\05_deg\deg_prft_high_vs_low_tcga_all.csv,Filtered from existing DEG table with FDR < 0.05; no DEG rerun.
CLTCL1,upregulated_in_PRFT_high,2.40108503074046,8.01038726141318e-07,3,yes,E:\ai助手\AML_PRFT_Human_Genomics_phase0_audit\03_results_tables\05_deg\deg_prft_high_vs_low_tcga_all.csv,Filtered from existing DEG table with FDR < 0.05; no DEG rerun.
MOSC1,upregulated_in_PRFT_high,2.39884448008555,2.85987201507874e-07,4,yes,E:\ai助手\AML_PRFT_Human_Genomics_phase0_audit\03_results_tables\05_deg\deg_prft_high_vs_low_tcga_all.csv,Filtered from existing DEG table with FDR < 0.05; no DEG rerun.
ADAMTS2,upregulated_in_PRFT_high,2.34228747661054,0.000138853523153773,5,yes,E:\ai助手\AML_PRFT_Human_Genomics_phase0_audit\03_results_tables\05_deg\deg_prft_high_vs_low_tcga_all.csv,Filtered from existing DEG table with FDR < 0.05; no DEG rerun.
PPARG,upregulated_in_PRFT_high,2.28438434910453,1.10314487653471e-05,6,yes,E:\ai助手\AML_PRFT_Human_Genomics_phase0_audit\03_results_tables\05_deg\deg_prft_high_vs_low_tcga_all.csv,Filtered from existing DEG table with FDR < 0.05; no DEG rerun.
PPARGC1A,upregulated_in_PRFT_high,2.18576772253409,0.000241672610185163,7,yes,E:\ai助手\AML_PRFT_Human_Genomics_phase0_audit\03_results_tables\05_deg\deg_prft_high_vs_low_tcga_all.csv,Filtered from existing DEG table with FDR < 0.05; no DEG rerun.
COL4A5,upregulated_in_PRFT_high,2.18571245656243,0.00865810409133909,8,yes,E:\ai助手\AML_PRFT_Human_Genomics_phase0_audit\03_results_tables\05_deg\deg_prft_high_vs_low_tcga_all.csv,Filtered from existing DEG table with FDR < 0.05; no DEG rerun.
UGGT2,upregulated_in_PRFT_high,2.18307055600108,0.000192914099432487,9,yes,E:\ai助手\AML_PRFT_Human_Genomics_phase0_audit\03_results_tables\05_deg\deg_prft_high_vs_low_tcga_all.csv,Filtered from existing DEG table with FDR < 0.05; no DEG rerun.
CES1,upregulated_in_PRFT_high,2.1309672146485,0.00186374131500865,10,yes,E:\ai助手\AML_PRFT_Human_Genomics_phase0_audit\03_results_tables\05_deg\deg_prft_high_vs_low_tcga_all.csv,Filtered from existing DEG table with FDR < 0.05; no DEG rerun.
PTGFR,upregulated_in_PRFT_high,2.11386176156108,1.24495243272235e-05,11,yes,E:\ai助手\AML_PRFT_Human_Genomics_phase0_audit\03_results_tables\05_deg\deg_prft_high_vs_low_tcga_all.csv,Filtered from existing DEG table with FDR < 0.05; no DEG rerun.
C2,upregulated_in_PRFT_high,2.04727233360065,0.000173435276113292,12,yes,E:\ai助手\AML_PRFT_Human_Genomics_phase0_audit\03_results_tables\05_deg\deg_prft_high_vs_low_tcga_all.csv,Filtered from existing DEG table with FDR < 0.05; no DEG rerun.
APOC2,upregulated_in_PRFT_high,2.0450095696338,0.00148225393153354,13,yes,E:\ai助手\AML_PRFT_Human_Genomics_phase0_audit\03_results_tables\05_deg\deg_prft_high_vs_low_tcga_all.csv,Filtered from existing DEG table with FDR < 0.05; no DEG rerun.
MYO7A,upregulated_in_PRFT_high,2.00952591553062,2.33750394466792e-05,14,yes,E:\ai助手\AML_PRFT_Human_Genomics_phase0_audit\03_results_tables\05_deg\deg_prft_high_vs_low_tcga_all.csv,Filtered from existing DEG table with FDR < 0.05; no DEG rerun.
SLPI,upregulated_in_PRFT_high,1.95259536220263,0.000208280250715151,15,yes,E:\ai助手\AML_PRFT_Human_Genomics_phase0_audit\03_results_tables\05_deg\deg_prft_high_vs_low_tcga_all.csv,Filtered from existing DEG table with FDR < 0.05; no DEG rerun.
C17orf55,upregulated_in_PRFT_high,1.93465229885058,0.000113793528075672,16,yes,E:\ai助手\AML_PRFT_Human_Genomics_phase0_audit\03_results_tables\05_deg\deg_prft_high_vs_low_tcga_all.csv,Filtered from existing DEG table with FDR < 0.05; no DEG rerun.
SERPINB10,upregulated_in_PRFT_high,1.8969361267041,5.76168668033473e-05,17,yes,E:\ai助手\AML_PRFT_Human_Genomics_phase0_audit\03_results_tables\05_deg\deg_prft_high_vs_low_tcga_all.csv,Filtered from existing DEG table with FDR < 0.05; no DEG rerun.
DEFB1,upregulated_in_PRFT_high,1.8661011494253,0.00161424956803128,18,yes,E:\ai助手\AML_PRFT_Human_Genomics_phase0_audit\03_results_tables\05_deg\deg_prft_high_vs_low_tcga_all.csv,Filtered from existing DEG table with FDR < 0.05; no DEG rerun.
CCL23,upregulated_in_PRFT_high,1.85689787489977,0.000215488682624038,19,yes,E:\ai助手\AML_PRFT_Human_Genomics_phase0_audit\03_results_tables\05_deg\deg_prft_high_vs_low_tcga_all.csv,Filtered from existing DEG table with FDR < 0.05; no DEG rerun.
PF4,upregulated_in_PRFT_high,1.84437584870356,0.0002741688032769,20,yes,E:\ai助手\AML_PRFT_Human_Genomics_phase0_audit\03_results_tables\05_deg\deg_prft_high_vs_low_tcga_all.csv,Filtered from existing DEG table with FDR < 0.05; no DEG rerun.
CLU,upregulated_in_PRFT_high,1.8358850842021,6.431041349904e-05,21,yes,E:\ai助手\AML_PRFT_Human_Genomics_phase0_audit\03_results_tables\05_deg\deg_prft_high_vs_low_tcga_all.csv,Filtered from existing DEG table with FDR < 0.05; no DEG rerun.
CD163,upregulated_in_PRFT_high,1.83278889334404,0.00228697386715081,22,yes,E:\ai助手\AML_PRFT_Human_Genomics_phase0_audit\03_results_tables\05_deg\deg_prft_high_vs_low_tcga_all.csv,Filtered from existing DEG table with FDR < 0.05; no DEG rerun.
ANKRD35,upregulated_in_PRFT_high,1.82974037690458,4.01179577959437e-06,23,yes,E:\ai助手\AML_PRFT_Human_Genomics_phase0_audit\03_results_tables\05_deg\deg_prft_high_vs_low_tcga_all.csv,Filtered from existing DEG table with FDR < 0.05; no DEG rerun.
AZU1,upregulated_in_PRFT_high,1.78864889067097,0.000809103070348977,24,yes,E:\ai助手\AML_PRFT_Human_Genomics_phase0_audit\03_results_tables\05_deg\deg_prft_high_vs_low_tcga_all.csv,Filtered from existing DEG table with FDR < 0.05; no DEG rerun.
ALDH1A1,upregulated_in_PRFT_high,1.77661853782412,0.000911957077821703,25,yes,E:\ai助手\AML_PRFT_Human_Genomics_phase0_audit\03_results_tables\05_deg\deg_prft_high_vs_low_tcga_all.csv,Filtered from existing DEG table with FDR < 0.05; no DEG rerun.
PTGDS,upregulated_in_PRFT_high,1.77656766907245,0.000640401640544603,26,yes,E:\ai助手\AML_PRFT_Human_Genomics_phase0_audit\03_results_tables\05_deg\deg_prft_high_vs_low_tcga_all.csv,Filtered from existing DEG table with FDR < 0.05; no DEG rerun.
CSTA,upregulated_in_PRFT_high,1.77503151563755,4.82515653780726e-05,27,yes,E:\ai助手\AML_PRFT_Human_Genomics_phase0_audit\03_results_tables\05_deg\deg_prft_high_vs_low_tcga_all.csv,Filtered from existing DEG table with FDR < 0.05; no DEG rerun.
SLC22A15,upregulated_in_PRFT_high,1.7745541165464,0.000165995743365242,28,yes,E:\ai助手\AML_PRFT_Human_Genomics_phase0_audit\03_results_tables\05_deg\deg_prft_high_vs_low_tcga_all.csv,Filtered from existing DEG table with FDR < 0.05; no DEG rerun.
CPNE8,upregulated_in_PRFT_high,1.77393217054265,0.00443423199342994,29,yes,E:\ai助手\AML_PRFT_Human_Genomics_phase0_audit\03_results_tables\05_deg\deg_prft_high_vs_low_tcga_all.csv,Filtered from existing DEG table with FDR < 0.05; no DEG rerun.
FBP1,upregulated_in_PRFT_high,1.76166225608127,3.36316530721466e-05,30,yes,E:\ai助手\AML_PRFT_Human_Genomics_phase0_audit\03_results_tables\05_deg\deg_prft_high_vs_low_tcga_all.csv,Filtered from existing DEG table with FDR < 0.05; no DEG rerun.
CD1D,upregulated_in_PRFT_high,1.75388583266508,0.000308998064045794,31,yes,E:\ai助手\AML_PRFT_Human_Genomics_phase0_audit\03_results_tables\05_deg\deg_prft_high_vs_low_tcga_all.csv,Filtered from existing DEG table with FDR < 0.05; no DEG rerun.
TMEM105,upregulated_in_PRFT_high,1.73336905907512,0.000688543290606136,32,yes,E:\ai助手\AML_PRFT_Human_Genomics_phase0_audit\03_results_tables\05_deg\deg_prft_high_vs_low_tcga_all.csv,Filtered from existing DEG table with FDR < 0.05; no DEG rerun.
LDLRAD3,upregulated_in_PRFT_high,1.73224925153703,0.000404412168066067,33,yes,E:\ai助手\AML_PRFT_Human_Genomics_phase0_audit\03_results_tables\05_deg\deg_prft_high_vs_low_tcga_all.csv,Filtered from existing DEG table with FDR < 0.05; no DEG rerun.
MYOF,upregulated_in_PRFT_high,1.71872123763701,0.00180744896447536,34,yes,E:\ai助手\AML_PRFT_Human_Genomics_phase0_audit\03_results_tables\05_deg\deg_prft_high_vs_low_tcga_all.csv,Filtered from existing DEG table with FDR < 0.05; no DEG rerun.
HOXA7,upregulated_in_PRFT_high,1.7172495990377,0.0141481317084864,35,yes,E:\ai助手\AML_PRFT_Human_Genomics_phase0_audit\03_results_tables\05_deg\deg_prft_high_vs_low_tcga_all.csv,Filtered from existing DEG table with FDR < 0.05; no DEG rerun.
MEFV,upregulated_in_PRFT_high,1.71414323710239,0.000996729212676147,36,yes,E:\ai助手\AML_PRFT_Human_Genomics_phase0_audit\03_results_tables\05_deg\deg_prft_high_vs_low_tcga_all.csv,Filtered from existing DEG table with FDR < 0.05; no DEG rerun.
PTGER3,upregulated_in_PRFT_high,1.7105165731088,0.000951508202112608,37,yes,E:\ai助手\AML_PRFT_Human_Genomics_phase0_audit\03_results_tables\05_deg\deg_prft_high_vs_low_tcga_all.csv,Filtered from existing DEG table with FDR < 0.05; no DEG rerun.
KCNJ2,upregulated_in_PRFT_high,1.7048632050254,6.431041349904e-05,38,yes,E:\ai助手\AML_PRFT_Human_Genomics_phase0_audit\03_results_tables\05_deg\deg_prft_high_vs_low_tcga_all.csv,Filtered from existing DEG table with FDR < 0.05; no DEG rerun.
GTSF1,upregulated_in_PRFT_high,1.70464148623364,0.0238152132691205,39,yes,E:\ai助手\AML_PRFT_Human_Genomics_phase0_audit\03_results_tables\05_deg\deg_prft_high_vs_low_tcga_all.csv,Filtered from existing DEG table with FDR < 0.05; no DEG rerun.
ADAMTS5,upregulated_in_PRFT_high,1.69942346966053,8.30067806789058e-05,40,yes,E:\ai助手\AML_PRFT_Human_Genomics_phase0_audit\03_results_tables\05_deg\deg_prft_high_vs_low_tcga_all.csv,Filtered from existing DEG table with FDR < 0.05; no DEG rerun.
MOSC2,upregulated_in_PRFT_high,1.6987556802994,0.00120461576520105,41,yes,E:\ai助手\AML_PRFT_Human_Genomics_phase0_audit\03_results_tables\05_deg\deg_prft_high_vs_low_tcga_all.csv,Filtered from existing DEG table with FDR < 0.05; no DEG rerun.
SERPINA1,upregulated_in_PRFT_high,1.6930601978081,0.0018097520209366,42,yes,E:\ai助手\AML_PRFT_Human_Genomics_phase0_audit\03_results_tables\05_deg\deg_prft_high_vs_low_tcga_all.csv,Filtered from existing DEG table with FDR < 0.05; no DEG rerun.
CTSL1,upregulated_in_PRFT_high,1.69189092488641,1.62323385715575e-05,43,yes,E:\ai助手\AML_PRFT_Human_Genomics_phase0_audit\03_results_tables\05_deg\deg_prft_high_vs_low_tcga_all.csv,Filtered from existing DEG table with FDR < 0.05; no DEG rerun.
ELOVL3,upregulated_in_PRFT_high,1.68746399358461,1.58965328015458e-06,44,yes,E:\ai助手\AML_PRFT_Human_Genomics_phase0_audit\03_results_tables\05_deg\deg_prft_high_vs_low_tcga_all.csv,Filtered from existing DEG table with FDR < 0.05; no DEG rerun.
SLC6A12,upregulated_in_PRFT_high,1.68572763966855,0.000147068025988323,45,yes,E:\ai助手\AML_PRFT_Human_Genomics_phase0_audit\03_results_tables\05_deg\deg_prft_high_vs_low_tcga_all.csv,Filtered from existing DEG table with FDR < 0.05; no DEG rerun.
FAM110B,upregulated_in_PRFT_high,1.68324307671747,0.000258474081724072,46,yes,E:\ai助手\AML_PRFT_Human_Genomics_phase0_audit\03_results_tables\05_deg\deg_prft_high_vs_low_tcga_all.csv,Filtered from existing DEG table with FDR < 0.05; no DEG rerun.
HOXA6,upregulated_in_PRFT_high,1.68174179363808,0.0109383228167706,47,yes,E:\ai助手\AML_PRFT_Human_Genomics_phase0_audit\03_results_tables\05_deg\deg_prft_high_vs_low_tcga_all.csv,Filtered from existing DEG table with FDR < 0.05; no DEG rerun.
SATB2,upregulated_in_PRFT_high,1.67990863405507,1.71919205120032e-06,48,yes,E:\ai助手\AML_PRFT_Human_Genomics_phase0_audit\03_results_tables\05_deg\deg_prft_high_vs_low_tcga_all.csv,Filtered from existing DEG table with FDR < 0.05; no DEG rerun.
HOXA10,upregulated_in_PRFT_high,1.67683849238173,0.00831328778723417,49,yes,E:\ai助手\AML_PRFT_Human_Genomics_phase0_audit\03_results_tables\05_deg\deg_prft_high_vs_low_tcga_all.csv,Filtered from existing DEG table with FDR < 0.05; no DEG rerun.
HK3,upregulated_in_PRFT_high,1.67548670141675,0.00234262831085683,50,yes,E:\ai助手\AML_PRFT_Human_Genomics_phase0_audit\03_results_tables\05_deg\deg_prft_high_vs_low_tcga_all.csv,Filtered from existing DEG table with FDR < 0.05; no DEG rerun.
TGM2,upregulated_in_PRFT_high,1.66669442662391,5.90166245686187e-06,51,yes,E:\ai助手\AML_PRFT_Human_Genomics_phase0_audit\03_results_tables\05_deg\deg_prft_high_vs_low_tcga_all.csv,Filtered from existing DEG table with FDR < 0.05; no DEG rerun.
PHACTR3,upregulated_in_PRFT_high,1.66646305800589,0.00148512092155174,52,yes,E:\ai助手\AML_PRFT_Human_Genomics_phase0_audit\03_results_tables\05_deg\deg_prft_high_vs_low_tcga_all.csv,Filtered from existing DEG table with FDR < 0.05; no DEG rerun.
SDC2,upregulated_in_PRFT_high,1.66476089280941,0.000142907795727021,53,yes,E:\ai助手\AML_PRFT_Human_Genomics_phase0_audit\03_results_tables\05_deg\deg_prft_high_vs_low_tcga_all.csv,Filtered from existing DEG table with FDR < 0.05; no DEG rerun.
HOXB7,upregulated_in_PRFT_high,1.66039712643679,0.000316950635722553,54,yes,E:\ai助手\AML_PRFT_Human_Genomics_phase0_audit\03_results_tables\05_deg\deg_prft_high_vs_low_tcga_all.csv,Filtered from existing DEG table with FDR < 0.05; no DEG rerun.
NKX2-3,upregulated_in_PRFT_high,1.65775344827588,0.0226024574335968,55,yes,E:\ai助手\AML_PRFT_Human_Genomics_phase0_audit\03_results_tables\05_deg\deg_prft_high_vs_low_tcga_all.csv,Filtered from existing DEG table with FDR < 0.05; no DEG rerun.
HOXB6,upregulated_in_PRFT_high,1.65510765838013,0.0247591299212738,56,yes,E:\ai助手\AML_PRFT_Human_Genomics_phase0_audit\03_results_tables\05_deg\deg_prft_high_vs_low_tcga_all.csv,Filtered from existing DEG table with FDR < 0.05; no DEG rerun.
GPR126,upregulated_in_PRFT_high,1.65177818765037,0.00738120547657819,57,yes,E:\ai助手\AML_PRFT_Human_Genomics_phase0_audit\03_results_tables\05_deg\deg_prft_high_vs_low_tcga_all.csv,Filtered from existing DEG table with FDR < 0.05; no DEG rerun.
THBS1,upregulated_in_PRFT_high,1.64783198342692,0.000919450173511676,58,yes,E:\ai助手\AML_PRFT_Human_Genomics_phase0_audit\03_results_tables\05_deg\deg_prft_high_vs_low_tcga_all.csv,Filtered from existing DEG table with FDR < 0.05; no DEG rerun.
HOXA9,upregulated_in_PRFT_high,1.64028660785888,0.0315290906510349,59,yes,E:\ai助手\AML_PRFT_Human_Genomics_phase0_audit\03_results_tables\05_deg\deg_prft_high_vs_low_tcga_all.csv,Filtered from existing DEG table with FDR < 0.05; no DEG rerun.
EPB41L3,upregulated_in_PRFT_high,1.62968539160653,0.00196776524055151,60,yes,E:\ai助手\AML_PRFT_Human_Genomics_phase0_audit\03_results_tables\05_deg\deg_prft_high_vs_low_tcga_all.csv,Filtered from existing DEG table with FDR < 0.05; no DEG rerun.
CT45A1,upregulated_in_PRFT_high,1.62495733761027,0.00652701028887816,61,yes,E:\ai助手\AML_PRFT_Human_Genomics_phase0_audit\03_results_tables\05_deg\deg_prft_high_vs_low_tcga_all.csv,Filtered from existing DEG table with FDR < 0.05; no DEG rerun.
HOXA5,upregulated_in_PRFT_high,1.62141753541835,0.0187791805640858,62,yes,E:\ai助手\AML_PRFT_Human_Genomics_phase0_audit\03_results_tables\05_deg\deg_prft_high_vs_low_tcga_all.csv,Filtered from existing DEG table with FDR < 0.05; no DEG rerun.
PLA2G16,upregulated_in_PRFT_high,1.61489585672281,7.66321291572453e-05,63,yes,E:\ai助手\AML_PRFT_Human_Genomics_phase0_audit\03_results_tables\05_deg\deg_prft_high_vs_low_tcga_all.csv,Filtered from existing DEG table with FDR < 0.05; no DEG rerun.
FBN2,upregulated_in_PRFT_high,1.61427348302594,0.00170269926848433,64,yes,E:\ai助手\AML_PRFT_Human_Genomics_phase0_audit\03_results_tables\05_deg\deg_prft_high_vs_low_tcga_all.csv,Filtered from existing DEG table with FDR < 0.05; no DEG rerun.
LGALS12,upregulated_in_PRFT_high,1.60661407377708,0.000378766775507075,65,yes,E:\ai助手\AML_PRFT_Human_Genomics_phase0_audit\03_results_tables\05_deg\deg_prft_high_vs_low_tcga_all.csv,Filtered from existing DEG table with FDR < 0.05; no DEG rerun.
MARVELD2,upregulated_in_PRFT_high,1.60628460304732,5.24067846246875e-06,66,yes,E:\ai助手\AML_PRFT_Human_Genomics_phase0_audit\03_results_tables\05_deg\deg_prft_high_vs_low_tcga_all.csv,Filtered from existing DEG table with FDR < 0.05; no DEG rerun.
METTL7B,upregulated_in_PRFT_high,1.60472562149159,0.000418316584228036,67,yes,E:\ai助手\AML_PRFT_Human_Genomics_phase0_audit\03_results_tables\05_deg\deg_prft_high_vs_low_tcga_all.csv,Filtered from existing DEG table with FDR < 0.05; no DEG rerun.
EREG,upregulated_in_PRFT_high,1.60140330125636,0.0131481703535251,68,yes,E:\ai助手\AML_PRFT_Human_Genomics_phase0_audit\03_results_tables\05_deg\deg_prft_high_vs_low_tcga_all.csv,Filtered from existing DEG table with FDR < 0.05; no DEG rerun.
PPBP,upregulated_in_PRFT_high,1.60055449077788,0.00294736143811115,69,yes,E:\ai助手\AML_PRFT_Human_Genomics_phase0_audit\03_results_tables\05_deg\deg_prft_high_vs_low_tcga_all.csv,Filtered from existing DEG table with FDR < 0.05; no DEG rerun.
PRKCDBP,upregulated_in_PRFT_high,1.59842131782946,7.872230859888e-05,70,yes,E:\ai助手\AML_PRFT_Human_Genomics_phase0_audit\03_results_tables\05_deg\deg_prft_high_vs_low_tcga_all.csv,Filtered from existing DEG table with FDR < 0.05; no DEG rerun.
SPOCK1,upregulated_in_PRFT_high,1.59545056134724,0.000109984041368332,71,yes,E:\ai助手\AML_PRFT_Human_Genomics_phase0_audit\03_results_tables\05_deg\deg_prft_high_vs_low_tcga_all.csv,Filtered from existing DEG table with FDR < 0.05; no DEG rerun.
S100A8,upregulated_in_PRFT_high,1.59510225875436,0.0100696279391874,72,yes,E:\ai助手\AML_PRFT_Human_Genomics_phase0_audit\03_results_tables\05_deg\deg_prft_high_vs_low_tcga_all.csv,Filtered from existing DEG table with FDR < 0.05; no DEG rerun.
FCN1,upregulated_in_PRFT_high,1.59492745255282,0.0022408428471734,73,yes,E:\ai助手\AML_PRFT_Human_Genomics_phase0_audit\03_results_tables\05_deg\deg_prft_high_vs_low_tcga_all.csv,Filtered from existing DEG table with FDR < 0.05; no DEG rerun.
AIM2,upregulated_in_PRFT_high,1.59098986901899,1.0730464860147e-07,74,yes,E:\ai助手\AML_PRFT_Human_Genomics_phase0_audit\03_results_tables\05_deg\deg_prft_high_vs_low_tcga_all.csv,Filtered from existing DEG table with FDR < 0.05; no DEG rerun.
CPVL,upregulated_in_PRFT_high,1.59084484095164,0.000199701036260384,75,yes,E:\ai助手\AML_PRFT_Human_Genomics_phase0_audit\03_results_tables\05_deg\deg_prft_high_vs_low_tcga_all.csv,Filtered from existing DEG table with FDR < 0.05; no DEG rerun.
SRGAP1,upregulated_in_PRFT_high,1.58885899492116,1.32424121399747e-06,76,yes,E:\ai助手\AML_PRFT_Human_Genomics_phase0_audit\03_results_tables\05_deg\deg_prft_high_vs_low_tcga_all.csv,Filtered from existing DEG table with FDR < 0.05; no DEG rerun.
LRG1,upregulated_in_PRFT_high,1.57770295375569,3.27837798416765e-06,77,yes,E:\ai助手\AML_PRFT_Human_Genomics_phase0_audit\03_results_tables\05_deg\deg_prft_high_vs_low_tcga_all.csv,Filtered from existing DEG table with FDR < 0.05; no DEG rerun.
CA2,upregulated_in_PRFT_high,1.57539321037157,2.02413359547523e-06,78,yes,E:\ai助手\AML_PRFT_Human_Genomics_phase0_audit\03_results_tables\05_deg\deg_prft_high_vs_low_tcga_all.csv,Filtered from existing DEG table with FDR < 0.05; no DEG rerun.
NFAM1,upregulated_in_PRFT_high,1.56918892007486,0.000199735489983068,79,yes,E:\ai助手\AML_PRFT_Human_Genomics_phase0_audit\03_results_tables\05_deg\deg_prft_high_vs_low_tcga_all.csv,Filtered from existing DEG table with FDR < 0.05; no DEG rerun.
C6orf97,upregulated_in_PRFT_high,1.56524244854318,7.22395726124031e-05,80,yes,E:\ai助手\AML_PRFT_Human_Genomics_phase0_audit\03_results_tables\05_deg\deg_prft_high_vs_low_tcga_all.csv,Filtered from existing DEG table with FDR < 0.05; no DEG rerun.
GLDN,upregulated_in_PRFT_high,1.56452435177761,0.000206157566248224,81,yes,E:\ai助手\AML_PRFT_Human_Genomics_phase0_audit\03_results_tables\05_deg\deg_prft_high_vs_low_tcga_all.csv,Filtered from existing DEG table with FDR < 0.05; no DEG rerun.
CD36,upregulated_in_PRFT_high,1.56202256081265,0.000192914099432487,82,yes,E:\ai助手\AML_PRFT_Human_Genomics_phase0_audit\03_results_tables\05_deg\deg_prft_high_vs_low_tcga_all.csv,Filtered from existing DEG table with FDR < 0.05; no DEG rerun.
CDA,upregulated_in_PRFT_high,1.55621058540499,0.00171967267271254,83,yes,E:\ai助手\AML_PRFT_Human_Genomics_phase0_audit\03_results_tables\05_deg\deg_prft_high_vs_low_tcga_all.csv,Filtered from existing DEG table with FDR < 0.05; no DEG rerun.
SEMA3C,upregulated_in_PRFT_high,1.55561463512431,0.00195223922752567,84,yes,E:\ai助手\AML_PRFT_Human_Genomics_phase0_audit\03_results_tables\05_deg\deg_prft_high_vs_low_tcga_all.csv,Filtered from existing DEG table with FDR < 0.05; no DEG rerun.
S100A9,upregulated_in_PRFT_high,1.55220057471267,0.0123142481089929,85,yes,E:\ai助手\AML_PRFT_Human_Genomics_phase0_audit\03_results_tables\05_deg\deg_prft_high_vs_low_tcga_all.csv,Filtered from existing DEG table with FDR < 0.05; no DEG rerun.
MPV17L,upregulated_in_PRFT_high,1.55218225073511,0.000253487245818772,86,yes,E:\ai助手\AML_PRFT_Human_Genomics_phase0_audit\03_results_tables\05_deg\deg_prft_high_vs_low_tcga_all.csv,Filtered from existing DEG table with FDR < 0.05; no DEG rerun.
TMTC1,upregulated_in_PRFT_high,1.54578477679765,0.000107160590473411,87,yes,E:\ai助手\AML_PRFT_Human_Genomics_phase0_audit\03_results_tables\05_deg\deg_prft_high_vs_low_tcga_all.csv,Filtered from existing DEG table with FDR < 0.05; no DEG rerun.
SERPINB2,upregulated_in_PRFT_high,1.54099792836141,0.0047468141892877,88,yes,E:\ai助手\AML_PRFT_Human_Genomics_phase0_audit\03_results_tables\05_deg\deg_prft_high_vs_low_tcga_all.csv,Filtered from existing DEG table with FDR < 0.05; no DEG rerun.
CTSH,upregulated_in_PRFT_high,1.53149851643948,1.81569955174378e-06,89,yes,E:\ai助手\AML_PRFT_Human_Genomics_phase0_audit\03_results_tables\05_deg\deg_prft_high_vs_low_tcga_all.csv,Filtered from existing DEG table with FDR < 0.05; no DEG rerun.
KCNE1,upregulated_in_PRFT_high,1.52555414327721,0.000307710946105265,90,yes,E:\ai助手\AML_PRFT_Human_Genomics_phase0_audit\03_results_tables\05_deg\deg_prft_high_vs_low_tcga_all.csv,Filtered from existing DEG table with FDR < 0.05; no DEG rerun.
SHROOM4,upregulated_in_PRFT_high,1.52185942261429,0.00412029810702377,91,yes,E:\ai助手\AML_PRFT_Human_Genomics_phase0_audit\03_results_tables\05_deg\deg_prft_high_vs_low_tcga_all.csv,Filtered from existing DEG table with FDR < 0.05; no DEG rerun.
SLC2A10,upregulated_in_PRFT_high,1.51372665062818,0.000141220908175821,92,yes,E:\ai助手\AML_PRFT_Human_Genomics_phase0_audit\03_results_tables\05_deg\deg_prft_high_vs_low_tcga_all.csv,Filtered from existing DEG table with FDR < 0.05; no DEG rerun.
MNDA,upregulated_in_PRFT_high,1.51260902165198,9.52765095880482e-05,93,yes,E:\ai助手\AML_PRFT_Human_Genomics_phase0_audit\03_results_tables\05_deg\deg_prft_high_vs_low_tcga_all.csv,Filtered from existing DEG table with FDR < 0.05; no DEG rerun.
COL29A1,upregulated_in_PRFT_high,1.50386279069768,0.00106129109167373,94,yes,E:\ai助手\AML_PRFT_Human_Genomics_phase0_audit\03_results_tables\05_deg\deg_prft_high_vs_low_tcga_all.csv,Filtered from existing DEG table with FDR < 0.05; no DEG rerun.
DTNA,upregulated_in_PRFT_high,1.4985163058006,0.00978498761089216,95,yes,E:\ai助手\AML_PRFT_Human_Genomics_phase0_audit\03_results_tables\05_deg\deg_prft_high_vs_low_tcga_all.csv,Filtered from existing DEG table with FDR < 0.05; no DEG rerun.
SAGE1,upregulated_in_PRFT_high,1.49843495054799,0.00927441402943996,96,yes,E:\ai助手\AML_PRFT_Human_Genomics_phase0_audit\03_results_tables\05_deg\deg_prft_high_vs_low_tcga_all.csv,Filtered from existing DEG table with FDR < 0.05; no DEG rerun.
ARHGEF10L,upregulated_in_PRFT_high,1.4851866479551,0.0190072668477367,97,yes,E:\ai助手\AML_PRFT_Human_Genomics_phase0_audit\03_results_tables\05_deg\deg_prft_high_vs_low_tcga_all.csv,Filtered from existing DEG table with FDR < 0.05; no DEG rerun.
NLRP12,upregulated_in_PRFT_high,1.4840174552259,0.00171479269120873,98,yes,E:\ai助手\AML_PRFT_Human_Genomics_phase0_audit\03_results_tables\05_deg\deg_prft_high_vs_low_tcga_all.csv,Filtered from existing DEG table with FDR < 0.05; no DEG rerun.
THAP10,upregulated_in_PRFT_high,1.4832721464849,0.000148037595810883,99,yes,E:\ai助手\AML_PRFT_Human_Genomics_phase0_audit\03_results_tables\05_deg\deg_prft_high_vs_low_tcga_all.csv,Filtered from existing DEG table with FDR < 0.05; no DEG rerun.
BASP1,upregulated_in_PRFT_high,1.48024859663193,0.000397806711724211,100,yes,E:\ai助手\AML_PRFT_Human_Genomics_phase0_audit\03_results_tables\05_deg\deg_prft_high_vs_low_tcga_all.csv,Filtered from existing DEG table with FDR < 0.05; no DEG rerun.
CYP1B1,upregulated_in_PRFT_high,1.4797549051056,0.00282968977571761,101,yes,E:\ai助手\AML_PRFT_Human_Genomics_phase0_audit\03_results_tables\05_deg\deg_prft_high_vs_low_tcga_all.csv,Filtered from existing DEG table with FDR < 0.05; no DEG rerun.
LTBP1,upregulated_in_PRFT_high,1.47284927826786,0.0044888207360728,102,yes,E:\ai助手\AML_PRFT_Human_Genomics_phase0_audit\03_results_tables\05_deg\deg_prft_high_vs_low_tcga_all.csv,Filtered from existing DEG table with FDR < 0.05; no DEG rerun.
ZNF503,upregulated_in_PRFT_high,1.46881308473671,0.000221373363683526,103,yes,E:\ai助手\AML_PRFT_Human_Genomics_phase0_audit\03_results_tables\05_deg\deg_prft_high_vs_low_tcga_all.csv,Filtered from existing DEG table with FDR < 0.05; no DEG rerun.
RBPMS2,upregulated_in_PRFT_high,1.45846780272655,0.00117414463349243,104,yes,E:\ai助手\AML_PRFT_Human_Genomics_phase0_audit\03_results_tables\05_deg\deg_prft_high_vs_low_tcga_all.csv,Filtered from existing DEG table with FDR < 0.05; no DEG rerun.
PKP2,upregulated_in_PRFT_high,1.45320248596633,0.00356352099970517,105,yes,E:\ai助手\AML_PRFT_Human_Genomics_phase0_audit\03_results_tables\05_deg\deg_prft_high_vs_low_tcga_all.csv,Filtered from existing DEG table with FDR < 0.05; no DEG rerun.
LILRA5,upregulated_in_PRFT_high,1.45250378241114,0.0160940784858905,106,yes,E:\ai助手\AML_PRFT_Human_Genomics_phase0_audit\03_results_tables\05_deg\deg_prft_high_vs_low_tcga_all.csv,Filtered from existing DEG table with FDR < 0.05; no DEG rerun.
H2AFY2,upregulated_in_PRFT_high,1.4507925955627,0.00991116866597734,107,yes,E:\ai助手\AML_PRFT_Human_Genomics_phase0_audit\03_results_tables\05_deg\deg_prft_high_vs_low_tcga_all.csv,Filtered from existing DEG table with FDR < 0.05; no DEG rerun.
PNPLA1,upregulated_in_PRFT_high,1.44668307939055,0.000135283877520946,108,yes,E:\ai助手\AML_PRFT_Human_Genomics_phase0_audit\03_results_tables\05_deg\deg_prft_high_vs_low_tcga_all.csv,Filtered from existing DEG table with FDR < 0.05; no DEG rerun.
HOXA3,upregulated_in_PRFT_high,1.44485316760226,0.0246789302382021,109,yes,E:\ai助手\AML_PRFT_Human_Genomics_phase0_audit\03_results_tables\05_deg\deg_prft_high_vs_low_tcga_all.csv,Filtered from existing DEG table with FDR < 0.05; no DEG rerun.
ARHGAP6,upregulated_in_PRFT_high,1.43781797647689,0.000374115033272881,110,yes,E:\ai助手\AML_PRFT_Human_Genomics_phase0_audit\03_results_tables\05_deg\deg_prft_high_vs_low_tcga_all.csv,Filtered from existing DEG table with FDR < 0.05; no DEG rerun.
C1orf226,upregulated_in_PRFT_high,1.43548892007485,0.000539813132138379,111,yes,E:\ai助手\AML_PRFT_Human_Genomics_phase0_audit\03_results_tables\05_deg\deg_prft_high_vs_low_tcga_all.csv,Filtered from existing DEG table with FDR < 0.05; no DEG rerun.
CPM,upregulated_in_PRFT_high,1.43373612670411,0.000207668464204751,112,yes,E:\ai助手\AML_PRFT_Human_Genomics_phase0_audit\03_results_tables\05_deg\deg_prft_high_vs_low_tcga_all.csv,Filtered from existing DEG table with FDR < 0.05; no DEG rerun.
IL31RA,upregulated_in_PRFT_high,1.43078159583,0.00191237276795281,113,yes,E:\ai助手\AML_PRFT_Human_Genomics_phase0_audit\03_results_tables\05_deg\deg_prft_high_vs_low_tcga_all.csv,Filtered from existing DEG table with FDR < 0.05; no DEG rerun.
RGL3,upregulated_in_PRFT_high,1.4301185244587,6.13549082136836e-07,114,yes,E:\ai助手\AML_PRFT_Human_Genomics_phase0_audit\03_results_tables\05_deg\deg_prft_high_vs_low_tcga_all.csv,Filtered from existing DEG table with FDR < 0.05; no DEG rerun.
VCAN,upregulated_in_PRFT_high,1.42561982090353,0.0181949148052782,115,yes,E:\ai助手\AML_PRFT_Human_Genomics_phase0_audit\03_results_tables\05_deg\deg_prft_high_vs_low_tcga_all.csv,Filtered from existing DEG table with FDR < 0.05; no DEG rerun.
RBM47,upregulated_in_PRFT_high,1.42426276396687,0.0011882418521419,116,yes,E:\ai助手\AML_PRFT_Human_Genomics_phase0_audit\03_results_tables\05_deg\deg_prft_high_vs_low_tcga_all.csv,Filtered from existing DEG table with FDR < 0.05; no DEG rerun.
HOXB5,upregulated_in_PRFT_high,1.42390557337611,0.0389886902058824,117,yes,E:\ai助手\AML_PRFT_Human_Genomics_phase0_audit\03_results_tables\05_deg\deg_prft_high_vs_low_tcga_all.csv,Filtered from existing DEG table with FDR < 0.05; no DEG rerun.
SORT1,upregulated_in_PRFT_high,1.42160195134993,0.003982025276815,118,yes,E:\ai助手\AML_PRFT_Human_Genomics_phase0_audit\03_results_tables\05_deg\deg_prft_high_vs_low_tcga_all.csv,Filtered from existing DEG table with FDR < 0.05; no DEG rerun.
PI15,upregulated_in_PRFT_high,1.42119045709704,0.0169276834491305,119,yes,E:\ai助手\AML_PRFT_Human_Genomics_phase0_audit\03_results_tables\05_deg\deg_prft_high_vs_low_tcga_all.csv,Filtered from existing DEG table with FDR < 0.05; no DEG rerun.
APOC1,upregulated_in_PRFT_high,1.42076553060679,0.00118287675148094,120,yes,E:\ai助手\AML_PRFT_Human_Genomics_phase0_audit\03_results_tables\05_deg\deg_prft_high_vs_low_tcga_all.csv,Filtered from existing DEG table with FDR < 0.05; no DEG rerun.
RHAG,upregulated_in_PRFT_high,1.42026157444535,0.00539275806890229,121,yes,E:\ai助手\AML_PRFT_Human_Genomics_phase0_audit\03_results_tables\05_deg\deg_prft_high_vs_low_tcga_all.csv,Filtered from existing DEG table with FDR < 0.05; no DEG rerun.
APOL4,upregulated_in_PRFT_high,1.41991959369154,0.00328833075511898,122,yes,E:\ai助手\AML_PRFT_Human_Genomics_phase0_audit\03_results_tables\05_deg\deg_prft_high_vs_low_tcga_all.csv,Filtered from existing DEG table with FDR < 0.05; no DEG rerun.
GAS2L3,upregulated_in_PRFT_high,1.4192823710238,2.38687320068855e-05,123,yes,E:\ai助手\AML_PRFT_Human_Genomics_phase0_audit\03_results_tables\05_deg\deg_prft_high_vs_low_tcga_all.csv,Filtered from existing DEG table with FDR < 0.05; no DEG rerun.
LPL,upregulated_in_PRFT_high,1.41911780272656,0.00258100436324295,124,yes,E:\ai助手\AML_PRFT_Human_Genomics_phase0_audit\03_results_tables\05_deg\deg_prft_high_vs_low_tcga_all.csv,Filtered from existing DEG table with FDR < 0.05; no DEG rerun.
WLS,upregulated_in_PRFT_high,1.4181822507351,0.000996729212676147,125,yes,E:\ai助手\AML_PRFT_Human_Genomics_phase0_audit\03_results_tables\05_deg\deg_prft_high_vs_low_tcga_all.csv,Filtered from existing DEG table with FDR < 0.05; no DEG rerun.
KIAA0802,upregulated_in_PRFT_high,1.41502182571506,0.000435166761683605,126,yes,E:\ai助手\AML_PRFT_Human_Genomics_phase0_audit\03_results_tables\05_deg\deg_prft_high_vs_low_tcga_all.csv,Filtered from existing DEG table with FDR < 0.05; no DEG rerun.
MT1E,upregulated_in_PRFT_high,1.41015604116547,0.00026498590397791,127,yes,E:\ai助手\AML_PRFT_Human_Genomics_phase0_audit\03_results_tables\05_deg\deg_prft_high_vs_low_tcga_all.csv,Filtered from existing DEG table with FDR < 0.05; no DEG rerun.
NXF3,upregulated_in_PRFT_high,1.40820435712378,0.0123142481089929,128,yes,E:\ai助手\AML_PRFT_Human_Genomics_phase0_audit\03_results_tables\05_deg\deg_prft_high_vs_low_tcga_all.csv,Filtered from existing DEG table with FDR < 0.05; no DEG rerun.
ASGR2,upregulated_in_PRFT_high,1.40685828655441,0.00546376119933985,129,yes,E:\ai助手\AML_PRFT_Human_Genomics_phase0_audit\03_results_tables\05_deg\deg_prft_high_vs_low_tcga_all.csv,Filtered from existing DEG table with FDR < 0.05; no DEG rerun.
FAM198B,upregulated_in_PRFT_high,1.40491079925156,0.00166157058680932,130,yes,E:\ai助手\AML_PRFT_Human_Genomics_phase0_audit\03_results_tables\05_deg\deg_prft_high_vs_low_tcga_all.csv,Filtered from existing DEG table with FDR < 0.05; no DEG rerun.
PLA2G2F,upregulated_in_PRFT_high,1.403782638332,4.95357449530904e-05,131,yes,E:\ai助手\AML_PRFT_Human_Genomics_phase0_audit\03_results_tables\05_deg\deg_prft_high_vs_low_tcga_all.csv,Filtered from existing DEG table with FDR < 0.05; no DEG rerun.
DAAM2,upregulated_in_PRFT_high,1.39903830526598,0.00158335491773608,132,yes,E:\ai助手\AML_PRFT_Human_Genomics_phase0_audit\03_results_tables\05_deg\deg_prft_high_vs_low_tcga_all.csv,Filtered from existing DEG table with FDR < 0.05; no DEG rerun.
LYZ,upregulated_in_PRFT_high,1.39902543437585,0.00274156229637436,133,yes,E:\ai助手\AML_PRFT_Human_Genomics_phase0_audit\03_results_tables\05_deg\deg_prft_high_vs_low_tcga_all.csv,Filtered from existing DEG table with FDR < 0.05; no DEG rerun.
MT1F,upregulated_in_PRFT_high,1.39084537556804,1.90710497912175e-05,134,yes,E:\ai助手\AML_PRFT_Human_Genomics_phase0_audit\03_results_tables\05_deg\deg_prft_high_vs_low_tcga_all.csv,Filtered from existing DEG table with FDR < 0.05; no DEG rerun.
CD276,upregulated_in_PRFT_high,1.38916486233629,0.00175119387331116,135,yes,E:\ai助手\AML_PRFT_Human_Genomics_phase0_audit\03_results_tables\05_deg\deg_prft_high_vs_low_tcga_all.csv,Filtered from existing DEG table with FDR < 0.05; no DEG rerun.
AIG1,upregulated_in_PRFT_high,1.38570026730822,2.09154922910043e-05,136,yes,E:\ai助手\AML_PRFT_Human_Genomics_phase0_audit\03_results_tables\05_deg\deg_prft_high_vs_low_tcga_all.csv,Filtered from existing DEG table with FDR < 0.05; no DEG rerun.
IGSF3,upregulated_in_PRFT_high,1.38169383854585,5.90166245686187e-06,137,yes,E:\ai助手\AML_PRFT_Human_Genomics_phase0_audit\03_results_tables\05_deg\deg_prft_high_vs_low_tcga_all.csv,Filtered from existing DEG table with FDR < 0.05; no DEG rerun.
MAFB,upregulated_in_PRFT_high,1.3803834001604,0.00657696206003645,138,yes,E:\ai助手\AML_PRFT_Human_Genomics_phase0_audit\03_results_tables\05_deg\deg_prft_high_vs_low_tcga_all.csv,Filtered from existing DEG table with FDR < 0.05; no DEG rerun.
S100A12,upregulated_in_PRFT_high,1.37847258754345,0.0412138126460789,139,yes,E:\ai助手\AML_PRFT_Human_Genomics_phase0_audit\03_results_tables\05_deg\deg_prft_high_vs_low_tcga_all.csv,Filtered from existing DEG table with FDR < 0.05; no DEG rerun.
FAM127C,upregulated_in_PRFT_high,1.37747364341086,0.000723750455211242,140,yes,E:\ai助手\AML_PRFT_Human_Genomics_phase0_audit\03_results_tables\05_deg\deg_prft_high_vs_low_tcga_all.csv,Filtered from existing DEG table with FDR < 0.05; no DEG rerun.
C1QA,upregulated_in_PRFT_high,1.37471849772789,0.00615696376631778,141,yes,E:\ai助手\AML_PRFT_Human_Genomics_phase0_audit\03_results_tables\05_deg\deg_prft_high_vs_low_tcga_all.csv,Filtered from existing DEG table with FDR < 0.05; no DEG rerun.
PDK4,upregulated_in_PRFT_high,1.37441614541568,0.00543385103305588,142,yes,E:\ai助手\AML_PRFT_Human_Genomics_phase0_audit\03_results_tables\05_deg\deg_prft_high_vs_low_tcga_all.csv,Filtered from existing DEG table with FDR < 0.05; no DEG rerun.
NPL,upregulated_in_PRFT_high,1.37397262763968,0.000102879732947047,143,yes,E:\ai助手\AML_PRFT_Human_Genomics_phase0_audit\03_results_tables\05_deg\deg_prft_high_vs_low_tcga_all.csv,Filtered from existing DEG table with FDR < 0.05; no DEG rerun.
CACNA2D3,upregulated_in_PRFT_high,1.37392607591554,0.00778174078746512,144,yes,E:\ai助手\AML_PRFT_Human_Genomics_phase0_audit\03_results_tables\05_deg\deg_prft_high_vs_low_tcga_all.csv,Filtered from existing DEG table with FDR < 0.05; no DEG rerun.
NOD2,upregulated_in_PRFT_high,1.37341672012833,0.000295571242346768,145,yes,E:\ai助手\AML_PRFT_Human_Genomics_phase0_audit\03_results_tables\05_deg\deg_prft_high_vs_low_tcga_all.csv,Filtered from existing DEG table with FDR < 0.05; no DEG rerun.
IL1RN,upregulated_in_PRFT_high,1.37190316760226,0.0029570535424054,146,yes,E:\ai助手\AML_PRFT_Human_Genomics_phase0_audit\03_results_tables\05_deg\deg_prft_high_vs_low_tcga_all.csv,Filtered from existing DEG table with FDR < 0.05; no DEG rerun.
FAM38B,upregulated_in_PRFT_high,1.36981144079124,0.0286731985475235,147,yes,E:\ai助手\AML_PRFT_Human_Genomics_phase0_audit\03_results_tables\05_deg\deg_prft_high_vs_low_tcga_all.csv,Filtered from existing DEG table with FDR < 0.05; no DEG rerun.
PRICKLE2,upregulated_in_PRFT_high,1.36694032344294,0.000165728722193286,148,yes,E:\ai助手\AML_PRFT_Human_Genomics_phase0_audit\03_results_tables\05_deg\deg_prft_high_vs_low_tcga_all.csv,Filtered from existing DEG table with FDR < 0.05; no DEG rerun.
LGR4,upregulated_in_PRFT_high,1.36530125634858,0.00110882421036149,149,yes,E:\ai助手\AML_PRFT_Human_Genomics_phase0_audit\03_results_tables\05_deg\deg_prft_high_vs_low_tcga_all.csv,Filtered from existing DEG table with FDR < 0.05; no DEG rerun.
APOBEC3A,upregulated_in_PRFT_high,1.36501976744187,0.00257388597876675,150,yes,E:\ai助手\AML_PRFT_Human_Genomics_phase0_audit\03_results_tables\05_deg\deg_prft_high_vs_low_tcga_all.csv,Filtered from existing DEG table with FDR < 0.05; no DEG rerun.
BAALC,downregulated_in_PRFT_high,-2.82762759957229,1.723723483064e-06,1,yes,E:\ai助手\AML_PRFT_Human_Genomics_phase0_audit\03_results_tables\05_deg\deg_prft_high_vs_low_tcga_all.csv,Filtered from existing DEG table with FDR < 0.05; no DEG rerun.
DUSP27,downregulated_in_PRFT_high,-2.63917661053194,3.40836344588579e-06,2,yes,E:\ai助手\AML_PRFT_Human_Genomics_phase0_audit\03_results_tables\05_deg\deg_prft_high_vs_low_tcga_all.csv,Filtered from existing DEG table with FDR < 0.05; no DEG rerun.
TRH,downregulated_in_PRFT_high,-2.62098659449345,0.000272111278287878,3,yes,E:\ai助手\AML_PRFT_Human_Genomics_phase0_audit\03_results_tables\05_deg\deg_prft_high_vs_low_tcga_all.csv,Filtered from existing DEG table with FDR < 0.05; no DEG rerun.
CD34,downregulated_in_PRFT_high,-2.60651798984227,0.00033061644912242,4,yes,E:\ai助手\AML_PRFT_Human_Genomics_phase0_audit\03_results_tables\05_deg\deg_prft_high_vs_low_tcga_all.csv,Filtered from existing DEG table with FDR < 0.05; no DEG rerun.
ST18,downregulated_in_PRFT_high,-2.56478405506549,2.79438701770896e-05,5,yes,E:\ai助手\AML_PRFT_Human_Genomics_phase0_audit\03_results_tables\05_deg\deg_prft_high_vs_low_tcga_all.csv,Filtered from existing DEG table with FDR < 0.05; no DEG rerun.
FLJ22536,downregulated_in_PRFT_high,-2.29876642608928,3.65134601600755e-06,6,yes,E:\ai助手\AML_PRFT_Human_Genomics_phase0_audit\03_results_tables\05_deg\deg_prft_high_vs_low_tcga_all.csv,Filtered from existing DEG table with FDR < 0.05; no DEG rerun.
DNTT,downregulated_in_PRFT_high,-2.29335475808607,0.00927441402943996,7,yes,E:\ai助手\AML_PRFT_Human_Genomics_phase0_audit\03_results_tables\05_deg\deg_prft_high_vs_low_tcga_all.csv,Filtered from existing DEG table with FDR < 0.05; no DEG rerun.
GPR12,downregulated_in_PRFT_high,-2.05597035551991,4.14796424891446e-05,8,yes,E:\ai助手\AML_PRFT_Human_Genomics_phase0_audit\03_results_tables\05_deg\deg_prft_high_vs_low_tcga_all.csv,Filtered from existing DEG table with FDR < 0.05; no DEG rerun.
PROM1,downregulated_in_PRFT_high,-1.97183066025125,0.00985215968087027,9,yes,E:\ai助手\AML_PRFT_Human_Genomics_phase0_audit\03_results_tables\05_deg\deg_prft_high_vs_low_tcga_all.csv,Filtered from existing DEG table with FDR < 0.05; no DEG rerun.
MN1,downregulated_in_PRFT_high,-1.94555120288692,4.31436186018983e-05,10,yes,E:\ai助手\AML_PRFT_Human_Genomics_phase0_audit\03_results_tables\05_deg\deg_prft_high_vs_low_tcga_all.csv,Filtered from existing DEG table with FDR < 0.05; no DEG rerun.
VPREB1,downregulated_in_PRFT_high,-1.92400576049184,3.2489324404744e-05,11,yes,E:\ai助手\AML_PRFT_Human_Genomics_phase0_audit\03_results_tables\05_deg\deg_prft_high_vs_low_tcga_all.csv,Filtered from existing DEG table with FDR < 0.05; no DEG rerun.
SHD,downregulated_in_PRFT_high,-1.92173306602512,0.000548946136823714,12,yes,E:\ai助手\AML_PRFT_Human_Genomics_phase0_audit\03_results_tables\05_deg\deg_prft_high_vs_low_tcga_all.csv,Filtered from existing DEG table with FDR < 0.05; no DEG rerun.
TSPAN7,downregulated_in_PRFT_high,-1.92112115744453,0.00166817916193035,13,yes,E:\ai助手\AML_PRFT_Human_Genomics_phase0_audit\03_results_tables\05_deg\deg_prft_high_vs_low_tcga_all.csv,Filtered from existing DEG table with FDR < 0.05; no DEG rerun.
HPGDS,downregulated_in_PRFT_high,-1.9089226811013,0.00186374131500865,14,yes,E:\ai助手\AML_PRFT_Human_Genomics_phase0_audit\03_results_tables\05_deg\deg_prft_high_vs_low_tcga_all.csv,Filtered from existing DEG table with FDR < 0.05; no DEG rerun.
SLCO5A1,downregulated_in_PRFT_high,-1.87121086607858,0.000919450173511676,15,yes,E:\ai助手\AML_PRFT_Human_Genomics_phase0_audit\03_results_tables\05_deg\deg_prft_high_vs_low_tcga_all.csv,Filtered from existing DEG table with FDR < 0.05; no DEG rerun.
AADAT,downregulated_in_PRFT_high,-1.86594616412724,0.000345785354244876,16,yes,E:\ai助手\AML_PRFT_Human_Genomics_phase0_audit\03_results_tables\05_deg\deg_prft_high_vs_low_tcga_all.csv,Filtered from existing DEG table with FDR < 0.05; no DEG rerun.
ARPP21,downregulated_in_PRFT_high,-1.85477702485966,0.0031560978911706,17,yes,E:\ai助手\AML_PRFT_Human_Genomics_phase0_audit\03_results_tables\05_deg\deg_prft_high_vs_low_tcga_all.csv,Filtered from existing DEG table with FDR < 0.05; no DEG rerun.
ITGA9,downregulated_in_PRFT_high,-1.81323440256615,0.000192914099432487,18,yes,E:\ai助手\AML_PRFT_Human_Genomics_phase0_audit\03_results_tables\05_deg\deg_prft_high_vs_low_tcga_all.csv,Filtered from existing DEG table with FDR < 0.05; no DEG rerun.
CD200,downregulated_in_PRFT_high,-1.78960199144612,0.000235385229151112,19,yes,E:\ai助手\AML_PRFT_Human_Genomics_phase0_audit\03_results_tables\05_deg\deg_prft_high_vs_low_tcga_all.csv,Filtered from existing DEG table with FDR < 0.05; no DEG rerun.
ZNF608,downregulated_in_PRFT_high,-1.77283521785618,4.02145406276476e-05,20,yes,E:\ai助手\AML_PRFT_Human_Genomics_phase0_audit\03_results_tables\05_deg\deg_prft_high_vs_low_tcga_all.csv,Filtered from existing DEG table with FDR < 0.05; no DEG rerun.
SHANK1,downregulated_in_PRFT_high,-1.76392031542367,0.000996096568198715,21,yes,E:\ai助手\AML_PRFT_Human_Genomics_phase0_audit\03_results_tables\05_deg\deg_prft_high_vs_low_tcga_all.csv,Filtered from existing DEG table with FDR < 0.05; no DEG rerun.
UGT2B11,downregulated_in_PRFT_high,-1.73999292969794,0.00240157203889066,22,yes,E:\ai助手\AML_PRFT_Human_Genomics_phase0_audit\03_results_tables\05_deg\deg_prft_high_vs_low_tcga_all.csv,Filtered from existing DEG table with FDR < 0.05; no DEG rerun.
IKZF2,downregulated_in_PRFT_high,-1.69910731087943,4.30815609031275e-05,23,yes,E:\ai助手\AML_PRFT_Human_Genomics_phase0_audit\03_results_tables\05_deg\deg_prft_high_vs_low_tcga_all.csv,Filtered from existing DEG table with FDR < 0.05; no DEG rerun.
NPR3,downregulated_in_PRFT_high,-1.63649668537823,0.0132889568860972,24,yes,E:\ai助手\AML_PRFT_Human_Genomics_phase0_audit\03_results_tables\05_deg\deg_prft_high_vs_low_tcga_all.csv,Filtered from existing DEG table with FDR < 0.05; no DEG rerun.
PTPN14,downregulated_in_PRFT_high,-1.6222501470195,0.00169281818042437,25,yes,E:\ai助手\AML_PRFT_Human_Genomics_phase0_audit\03_results_tables\05_deg\deg_prft_high_vs_low_tcga_all.csv,Filtered from existing DEG table with FDR < 0.05; no DEG rerun.
C5orf23,downregulated_in_PRFT_high,-1.61432186581126,0.0109489491226537,26,yes,E:\ai助手\AML_PRFT_Human_Genomics_phase0_audit\03_results_tables\05_deg\deg_prft_high_vs_low_tcga_all.csv,Filtered from existing DEG table with FDR < 0.05; no DEG rerun.
SHANK3,downregulated_in_PRFT_high,-1.61308748997593,0.000676839466279243,27,yes,E:\ai助手\AML_PRFT_Human_Genomics_phase0_audit\03_results_tables\05_deg\deg_prft_high_vs_low_tcga_all.csv,Filtered from existing DEG table with FDR < 0.05; no DEG rerun.
RAMP1,downregulated_in_PRFT_high,-1.56262868217054,0.00301771096172728,28,yes,E:\ai助手\AML_PRFT_Human_Genomics_phase0_audit\03_results_tables\05_deg\deg_prft_high_vs_low_tcga_all.csv,Filtered from existing DEG table with FDR < 0.05; no DEG rerun.
TMIGD2,downregulated_in_PRFT_high,-1.53956734830258,0.0012396609754718,29,yes,E:\ai助手\AML_PRFT_Human_Genomics_phase0_audit\03_results_tables\05_deg\deg_prft_high_vs_low_tcga_all.csv,Filtered from existing DEG table with FDR < 0.05; no DEG rerun.
GIPC3,downregulated_in_PRFT_high,-1.53059915797913,7.57258811251252e-06,30,yes,E:\ai助手\AML_PRFT_Human_Genomics_phase0_audit\03_results_tables\05_deg\deg_prft_high_vs_low_tcga_all.csv,Filtered from existing DEG table with FDR < 0.05; no DEG rerun.
TTLL6,downregulated_in_PRFT_high,-1.52832989842288,0.000195043149708316,31,yes,E:\ai助手\AML_PRFT_Human_Genomics_phase0_audit\03_results_tables\05_deg\deg_prft_high_vs_low_tcga_all.csv,Filtered from existing DEG table with FDR < 0.05; no DEG rerun.
OPALIN,downregulated_in_PRFT_high,-1.52016246992782,0.00806107430599997,32,yes,E:\ai助手\AML_PRFT_Human_Genomics_phase0_audit\03_results_tables\05_deg\deg_prft_high_vs_low_tcga_all.csv,Filtered from existing DEG table with FDR < 0.05; no DEG rerun.
NOG,downregulated_in_PRFT_high,-1.46675684309008,0.000478040599292355,33,yes,E:\ai助手\AML_PRFT_Human_Genomics_phase0_audit\03_results_tables\05_deg\deg_prft_high_vs_low_tcga_all.csv,Filtered from existing DEG table with FDR < 0.05; no DEG rerun.
UMODL1,downregulated_in_PRFT_high,-1.46631218925421,0.00576730586809019,34,yes,E:\ai助手\AML_PRFT_Human_Genomics_phase0_audit\03_results_tables\05_deg\deg_prft_high_vs_low_tcga_all.csv,Filtered from existing DEG table with FDR < 0.05; no DEG rerun.
ROBO4,downregulated_in_PRFT_high,-1.46513942796043,0.00340122244606711,35,yes,E:\ai助手\AML_PRFT_Human_Genomics_phase0_audit\03_results_tables\05_deg\deg_prft_high_vs_low_tcga_all.csv,Filtered from existing DEG table with FDR < 0.05; no DEG rerun.
JUP,downregulated_in_PRFT_high,-1.43239599037689,4.15661114706581e-06,36,yes,E:\ai助手\AML_PRFT_Human_Genomics_phase0_audit\03_results_tables\05_deg\deg_prft_high_vs_low_tcga_all.csv,Filtered from existing DEG table with FDR < 0.05; no DEG rerun.
MMP28,downregulated_in_PRFT_high,-1.42951309810211,0.00086364433171886,37,yes,E:\ai助手\AML_PRFT_Human_Genomics_phase0_audit\03_results_tables\05_deg\deg_prft_high_vs_low_tcga_all.csv,Filtered from existing DEG table with FDR < 0.05; no DEG rerun.
GPR173,downregulated_in_PRFT_high,-1.40599141940657,0.00775076228510142,38,yes,E:\ai助手\AML_PRFT_Human_Genomics_phase0_audit\03_results_tables\05_deg\deg_prft_high_vs_low_tcga_all.csv,Filtered from existing DEG table with FDR < 0.05; no DEG rerun.
MYO5C,downregulated_in_PRFT_high,-1.3982633520449,0.00108788995615794,39,yes,E:\ai助手\AML_PRFT_Human_Genomics_phase0_audit\03_results_tables\05_deg\deg_prft_high_vs_low_tcga_all.csv,Filtered from existing DEG table with FDR < 0.05; no DEG rerun.
HPGD,downregulated_in_PRFT_high,-1.39614910451749,0.00966669325571289,40,yes,E:\ai助手\AML_PRFT_Human_Genomics_phase0_audit\03_results_tables\05_deg\deg_prft_high_vs_low_tcga_all.csv,Filtered from existing DEG table with FDR < 0.05; no DEG rerun.
C1orf186,downregulated_in_PRFT_high,-1.38943527131782,6.08531850831303e-05,41,yes,E:\ai助手\AML_PRFT_Human_Genomics_phase0_audit\03_results_tables\05_deg\deg_prft_high_vs_low_tcga_all.csv,Filtered from existing DEG table with FDR < 0.05; no DEG rerun.
MYCN,downregulated_in_PRFT_high,-1.38408998930766,0.00544531753178479,42,yes,E:\ai助手\AML_PRFT_Human_Genomics_phase0_audit\03_results_tables\05_deg\deg_prft_high_vs_low_tcga_all.csv,Filtered from existing DEG table with FDR < 0.05; no DEG rerun.
FAM171A1,downregulated_in_PRFT_high,-1.38346880513231,0.0129336232825912,43,yes,E:\ai助手\AML_PRFT_Human_Genomics_phase0_audit\03_results_tables\05_deg\deg_prft_high_vs_low_tcga_all.csv,Filtered from existing DEG table with FDR < 0.05; no DEG rerun.
SDK2,downregulated_in_PRFT_high,-1.36491800320769,0.0162422874775962,44,yes,E:\ai助手\AML_PRFT_Human_Genomics_phase0_audit\03_results_tables\05_deg\deg_prft_high_vs_low_tcga_all.csv,Filtered from existing DEG table with FDR < 0.05; no DEG rerun.
CLIP3,downregulated_in_PRFT_high,-1.36015077519379,0.000182802836955653,45,yes,E:\ai助手\AML_PRFT_Human_Genomics_phase0_audit\03_results_tables\05_deg\deg_prft_high_vs_low_tcga_all.csv,Filtered from existing DEG table with FDR < 0.05; no DEG rerun.
C1QTNF4,downregulated_in_PRFT_high,-1.34140475808605,0.00442683993455449,46,yes,E:\ai助手\AML_PRFT_Human_Genomics_phase0_audit\03_results_tables\05_deg\deg_prft_high_vs_low_tcga_all.csv,Filtered from existing DEG table with FDR < 0.05; no DEG rerun.
APP,downregulated_in_PRFT_high,-1.32498650093556,0.0210931715974812,47,yes,E:\ai助手\AML_PRFT_Human_Genomics_phase0_audit\03_results_tables\05_deg\deg_prft_high_vs_low_tcga_all.csv,Filtered from existing DEG table with FDR < 0.05; no DEG rerun.
LRP6,downregulated_in_PRFT_high,-1.31977006148088,0.0203945725751213,48,yes,E:\ai助手\AML_PRFT_Human_Genomics_phase0_audit\03_results_tables\05_deg\deg_prft_high_vs_low_tcga_all.csv,Filtered from existing DEG table with FDR < 0.05; no DEG rerun.
ACY3,downregulated_in_PRFT_high,-1.3126063619353,0.00739079861215171,49,yes,E:\ai助手\AML_PRFT_Human_Genomics_phase0_audit\03_results_tables\05_deg\deg_prft_high_vs_low_tcga_all.csv,Filtered from existing DEG table with FDR < 0.05; no DEG rerun.
GUCY1A3,downregulated_in_PRFT_high,-1.2908097433841,0.00104144562278481,50,yes,E:\ai助手\AML_PRFT_Human_Genomics_phase0_audit\03_results_tables\05_deg\deg_prft_high_vs_low_tcga_all.csv,Filtered from existing DEG table with FDR < 0.05; no DEG rerun.
NKD2,downregulated_in_PRFT_high,-1.28800308740978,0.00379117323309613,51,yes,E:\ai助手\AML_PRFT_Human_Genomics_phase0_audit\03_results_tables\05_deg\deg_prft_high_vs_low_tcga_all.csv,Filtered from existing DEG table with FDR < 0.05; no DEG rerun.
MEST,downregulated_in_PRFT_high,-1.28164934509487,0.000911383968842364,52,yes,E:\ai助手\AML_PRFT_Human_Genomics_phase0_audit\03_results_tables\05_deg\deg_prft_high_vs_low_tcga_all.csv,Filtered from existing DEG table with FDR < 0.05; no DEG rerun.
TFPI,downregulated_in_PRFT_high,-1.27216716118683,0.000258474081724072,53,yes,E:\ai助手\AML_PRFT_Human_Genomics_phase0_audit\03_results_tables\05_deg\deg_prft_high_vs_low_tcga_all.csv,Filtered from existing DEG table with FDR < 0.05; no DEG rerun.
ICAM5,downregulated_in_PRFT_high,-1.26216738839882,0.0069937211495411,54,yes,E:\ai助手\AML_PRFT_Human_Genomics_phase0_audit\03_results_tables\05_deg\deg_prft_high_vs_low_tcga_all.csv,Filtered from existing DEG table with FDR < 0.05; no DEG rerun.
DLGAP2,downregulated_in_PRFT_high,-1.26038874632451,0.0142837740428157,55,yes,E:\ai助手\AML_PRFT_Human_Genomics_phase0_audit\03_results_tables\05_deg\deg_prft_high_vs_low_tcga_all.csv,Filtered from existing DEG table with FDR < 0.05; no DEG rerun.
TBXA2R,downregulated_in_PRFT_high,-1.25651359262228,0.000748202860967245,56,yes,E:\ai助手\AML_PRFT_Human_Genomics_phase0_audit\03_results_tables\05_deg\deg_prft_high_vs_low_tcga_all.csv,Filtered from existing DEG table with FDR < 0.05; no DEG rerun.
C19orf77,downregulated_in_PRFT_high,-1.25608954824911,0.000192914099432487,57,yes,E:\ai助手\AML_PRFT_Human_Genomics_phase0_audit\03_results_tables\05_deg\deg_prft_high_vs_low_tcga_all.csv,Filtered from existing DEG table with FDR < 0.05; no DEG rerun.
FLNC,downregulated_in_PRFT_high,-1.25476654637797,0.00561511872111143,58,yes,E:\ai助手\AML_PRFT_Human_Genomics_phase0_audit\03_results_tables\05_deg\deg_prft_high_vs_low_tcga_all.csv,Filtered from existing DEG table with FDR < 0.05; no DEG rerun.
TOX,downregulated_in_PRFT_high,-1.24994188719592,2.29638728036623e-06,59,yes,E:\ai助手\AML_PRFT_Human_Genomics_phase0_audit\03_results_tables\05_deg\deg_prft_high_vs_low_tcga_all.csv,Filtered from existing DEG table with FDR < 0.05; no DEG rerun.
C8orf56,downregulated_in_PRFT_high,-1.24200382250735,5.55346812576952e-07,60,yes,E:\ai助手\AML_PRFT_Human_Genomics_phase0_audit\03_results_tables\05_deg\deg_prft_high_vs_low_tcga_all.csv,Filtered from existing DEG table with FDR < 0.05; no DEG rerun.
BCL8,downregulated_in_PRFT_high,-1.23414040363539,2.19277442528011e-05,61,yes,E:\ai助手\AML_PRFT_Human_Genomics_phase0_audit\03_results_tables\05_deg\deg_prft_high_vs_low_tcga_all.csv,Filtered from existing DEG table with FDR < 0.05; no DEG rerun.
WASF1,downregulated_in_PRFT_high,-1.22500407645014,0.0002741688032769,62,yes,E:\ai助手\AML_PRFT_Human_Genomics_phase0_audit\03_results_tables\05_deg\deg_prft_high_vs_low_tcga_all.csv,Filtered from existing DEG table with FDR < 0.05; no DEG rerun.
MAGED4B,downregulated_in_PRFT_high,-1.22285319433306,0.00951359667716928,63,yes,E:\ai助手\AML_PRFT_Human_Genomics_phase0_audit\03_results_tables\05_deg\deg_prft_high_vs_low_tcga_all.csv,Filtered from existing DEG table with FDR < 0.05; no DEG rerun.
AVPR1B,downregulated_in_PRFT_high,-1.20681325848703,0.000182802836955653,64,yes,E:\ai助手\AML_PRFT_Human_Genomics_phase0_audit\03_results_tables\05_deg\deg_prft_high_vs_low_tcga_all.csv,Filtered from existing DEG table with FDR < 0.05; no DEG rerun.
EMP1,downregulated_in_PRFT_high,-1.20390233894679,0.00019375013532614,65,yes,E:\ai助手\AML_PRFT_Human_Genomics_phase0_audit\03_results_tables\05_deg\deg_prft_high_vs_low_tcga_all.csv,Filtered from existing DEG table with FDR < 0.05; no DEG rerun.
ELFN2,downregulated_in_PRFT_high,-1.19215332798716,0.00145938839648961,66,yes,E:\ai助手\AML_PRFT_Human_Genomics_phase0_audit\03_results_tables\05_deg\deg_prft_high_vs_low_tcga_all.csv,Filtered from existing DEG table with FDR < 0.05; no DEG rerun.
IPW,downregulated_in_PRFT_high,-1.18782997861533,0.00751791507794654,67,yes,E:\ai助手\AML_PRFT_Human_Genomics_phase0_audit\03_results_tables\05_deg\deg_prft_high_vs_low_tcga_all.csv,Filtered from existing DEG table with FDR < 0.05; no DEG rerun.
MEGF10,downregulated_in_PRFT_high,-1.16863659449345,0.00541209796948073,68,yes,E:\ai助手\AML_PRFT_Human_Genomics_phase0_audit\03_results_tables\05_deg\deg_prft_high_vs_low_tcga_all.csv,Filtered from existing DEG table with FDR < 0.05; no DEG rerun.
GALNT14,downregulated_in_PRFT_high,-1.16698635391606,0.0108023979465052,69,yes,E:\ai助手\AML_PRFT_Human_Genomics_phase0_audit\03_results_tables\05_deg\deg_prft_high_vs_low_tcga_all.csv,Filtered from existing DEG table with FDR < 0.05; no DEG rerun.
F2RL1,downregulated_in_PRFT_high,-1.16615408981555,0.00962057048648757,70,yes,E:\ai助手\AML_PRFT_Human_Genomics_phase0_audit\03_results_tables\05_deg\deg_prft_high_vs_low_tcga_all.csv,Filtered from existing DEG table with FDR < 0.05; no DEG rerun.
KCNMB4,downregulated_in_PRFT_high,-1.1616247527399,0.000891826879170271,71,yes,E:\ai助手\AML_PRFT_Human_Genomics_phase0_audit\03_results_tables\05_deg\deg_prft_high_vs_low_tcga_all.csv,Filtered from existing DEG table with FDR < 0.05; no DEG rerun.
SNORD116-20,downregulated_in_PRFT_high,-1.13880260625501,0.00233654628147926,72,yes,E:\ai助手\AML_PRFT_Human_Genomics_phase0_audit\03_results_tables\05_deg\deg_prft_high_vs_low_tcga_all.csv,Filtered from existing DEG table with FDR < 0.05; no DEG rerun.
TRIM71,downregulated_in_PRFT_high,-1.13438777064955,0.0336971046745102,73,yes,E:\ai助手\AML_PRFT_Human_Genomics_phase0_audit\03_results_tables\05_deg\deg_prft_high_vs_low_tcga_all.csv,Filtered from existing DEG table with FDR < 0.05; no DEG rerun.
CSRP2,downregulated_in_PRFT_high,-1.13143928094092,0.00341504090806744,74,yes,E:\ai助手\AML_PRFT_Human_Genomics_phase0_audit\03_results_tables\05_deg\deg_prft_high_vs_low_tcga_all.csv,Filtered from existing DEG table with FDR < 0.05; no DEG rerun.
DFNB31,downregulated_in_PRFT_high,-1.12677111734829,0.000578547841024251,75,yes,E:\ai助手\AML_PRFT_Human_Genomics_phase0_audit\03_results_tables\05_deg\deg_prft_high_vs_low_tcga_all.csv,Filtered from existing DEG table with FDR < 0.05; no DEG rerun.
ITM2A,downregulated_in_PRFT_high,-1.12433259823575,0.00452745417423148,76,yes,E:\ai助手\AML_PRFT_Human_Genomics_phase0_audit\03_results_tables\05_deg\deg_prft_high_vs_low_tcga_all.csv,Filtered from existing DEG table with FDR < 0.05; no DEG rerun.
KIRREL,downregulated_in_PRFT_high,-1.12166416733493,0.0409750582077424,77,yes,E:\ai助手\AML_PRFT_Human_Genomics_phase0_audit\03_results_tables\05_deg\deg_prft_high_vs_low_tcga_all.csv,Filtered from existing DEG table with FDR < 0.05; no DEG rerun.
NRXN2,downregulated_in_PRFT_high,-1.12157544774123,0.00243659123874856,78,yes,E:\ai助手\AML_PRFT_Human_Genomics_phase0_audit\03_results_tables\05_deg\deg_prft_high_vs_low_tcga_all.csv,Filtered from existing DEG table with FDR < 0.05; no DEG rerun.
CRIP2,downregulated_in_PRFT_high,-1.11445537289494,0.00442683993455449,79,yes,E:\ai助手\AML_PRFT_Human_Genomics_phase0_audit\03_results_tables\05_deg\deg_prft_high_vs_low_tcga_all.csv,Filtered from existing DEG table with FDR < 0.05; no DEG rerun.
ZNF704,downregulated_in_PRFT_high,-1.11315185779203,0.0211148197739826,80,yes,E:\ai助手\AML_PRFT_Human_Genomics_phase0_audit\03_results_tables\05_deg\deg_prft_high_vs_low_tcga_all.csv,Filtered from existing DEG table with FDR < 0.05; no DEG rerun.
ABCB1,downregulated_in_PRFT_high,-1.10653720930231,0.0117577187760314,81,yes,E:\ai助手\AML_PRFT_Human_Genomics_phase0_audit\03_results_tables\05_deg\deg_prft_high_vs_low_tcga_all.csv,Filtered from existing DEG table with FDR < 0.05; no DEG rerun.
SNORD116-28,downregulated_in_PRFT_high,-1.10291101309809,0.011386605888138,82,yes,E:\ai助手\AML_PRFT_Human_Genomics_phase0_audit\03_results_tables\05_deg\deg_prft_high_vs_low_tcga_all.csv,Filtered from existing DEG table with FDR < 0.05; no DEG rerun.
GPA33,downregulated_in_PRFT_high,-1.10168916065222,0.00640201181830497,83,yes,E:\ai助手\AML_PRFT_Human_Genomics_phase0_audit\03_results_tables\05_deg\deg_prft_high_vs_low_tcga_all.csv,Filtered from existing DEG table with FDR < 0.05; no DEG rerun.
AOX2P,downregulated_in_PRFT_high,-1.09979930499866,0.0420324134208721,84,yes,E:\ai助手\AML_PRFT_Human_Genomics_phase0_audit\03_results_tables\05_deg\deg_prft_high_vs_low_tcga_all.csv,Filtered from existing DEG table with FDR < 0.05; no DEG rerun.
MACROD2,downregulated_in_PRFT_high,-1.09583322641004,0.00435015824357754,85,yes,E:\ai助手\AML_PRFT_Human_Genomics_phase0_audit\03_results_tables\05_deg\deg_prft_high_vs_low_tcga_all.csv,Filtered from existing DEG table with FDR < 0.05; no DEG rerun.
SPP1,downregulated_in_PRFT_high,-1.09453851911253,0.0219053943639493,86,yes,E:\ai助手\AML_PRFT_Human_Genomics_phase0_audit\03_results_tables\05_deg\deg_prft_high_vs_low_tcga_all.csv,Filtered from existing DEG table with FDR < 0.05; no DEG rerun.
PAR-SN,downregulated_in_PRFT_high,-1.09308194333065,0.00511483103906028,87,yes,E:\ai助手\AML_PRFT_Human_Genomics_phase0_audit\03_results_tables\05_deg\deg_prft_high_vs_low_tcga_all.csv,Filtered from existing DEG table with FDR < 0.05; no DEG rerun.
B4GALT6,downregulated_in_PRFT_high,-1.08612090350172,0.000101613533342728,88,yes,E:\ai助手\AML_PRFT_Human_Genomics_phase0_audit\03_results_tables\05_deg\deg_prft_high_vs_low_tcga_all.csv,Filtered from existing DEG table with FDR < 0.05; no DEG rerun.
DSCR6,downregulated_in_PRFT_high,-1.08325888799786,0.00117414463349243,89,yes,E:\ai助手\AML_PRFT_Human_Genomics_phase0_audit\03_results_tables\05_deg\deg_prft_high_vs_low_tcga_all.csv,Filtered from existing DEG table with FDR < 0.05; no DEG rerun.
FLT4,downregulated_in_PRFT_high,-1.08303992248061,0.019865610868825,90,yes,E:\ai助手\AML_PRFT_Human_Genomics_phase0_audit\03_results_tables\05_deg\deg_prft_high_vs_low_tcga_all.csv,Filtered from existing DEG table with FDR < 0.05; no DEG rerun.
ANGPT1,downregulated_in_PRFT_high,-1.08140789895749,0.0100214960071107,91,yes,E:\ai助手\AML_PRFT_Human_Genomics_phase0_audit\03_results_tables\05_deg\deg_prft_high_vs_low_tcga_all.csv,Filtered from existing DEG table with FDR < 0.05; no DEG rerun.
FAM180B,downregulated_in_PRFT_high,-1.07325914194065,0.000106182450198772,92,yes,E:\ai助手\AML_PRFT_Human_Genomics_phase0_audit\03_results_tables\05_deg\deg_prft_high_vs_low_tcga_all.csv,Filtered from existing DEG table with FDR < 0.05; no DEG rerun.
NT5E,downregulated_in_PRFT_high,-1.07081443464313,0.00190774187514148,93,yes,E:\ai助手\AML_PRFT_Human_Genomics_phase0_audit\03_results_tables\05_deg\deg_prft_high_vs_low_tcga_all.csv,Filtered from existing DEG table with FDR < 0.05; no DEG rerun.
AHNAK2,downregulated_in_PRFT_high,-1.06589775461105,0.00122274525340014,94,yes,E:\ai助手\AML_PRFT_Human_Genomics_phase0_audit\03_results_tables\05_deg\deg_prft_high_vs_low_tcga_all.csv,Filtered from existing DEG table with FDR < 0.05; no DEG rerun.
DAD1L,downregulated_in_PRFT_high,-1.06555523924084,0.000189963323885659,95,yes,E:\ai助手\AML_PRFT_Human_Genomics_phase0_audit\03_results_tables\05_deg\deg_prft_high_vs_low_tcga_all.csv,Filtered from existing DEG table with FDR < 0.05; no DEG rerun.
SEZ6L,downregulated_in_PRFT_high,-1.06086543704891,0.0228271264597978,96,yes,E:\ai助手\AML_PRFT_Human_Genomics_phase0_audit\03_results_tables\05_deg\deg_prft_high_vs_low_tcga_all.csv,Filtered from existing DEG table with FDR < 0.05; no DEG rerun.
GNAI1,downregulated_in_PRFT_high,-1.0566935311414,0.0216030912663705,97,yes,E:\ai助手\AML_PRFT_Human_Genomics_phase0_audit\03_results_tables\05_deg\deg_prft_high_vs_low_tcga_all.csv,Filtered from existing DEG table with FDR < 0.05; no DEG rerun.
PAR5,downregulated_in_PRFT_high,-1.05458434910451,0.00569155245316801,98,yes,E:\ai助手\AML_PRFT_Human_Genomics_phase0_audit\03_results_tables\05_deg\deg_prft_high_vs_low_tcga_all.csv,Filtered from existing DEG table with FDR < 0.05; no DEG rerun.
SPARC,downregulated_in_PRFT_high,-1.05318322641003,0.00622746881396121,99,yes,E:\ai助手\AML_PRFT_Human_Genomics_phase0_audit\03_results_tables\05_deg\deg_prft_high_vs_low_tcga_all.csv,Filtered from existing DEG table with FDR < 0.05; no DEG rerun.
MPL,downregulated_in_PRFT_high,-1.05097383052658,0.00788892626464192,100,yes,E:\ai助手\AML_PRFT_Human_Genomics_phase0_audit\03_results_tables\05_deg\deg_prft_high_vs_low_tcga_all.csv,Filtered from existing DEG table with FDR < 0.05; no DEG rerun.
CBX2,downregulated_in_PRFT_high,-1.05087473937448,0.000872323306423125,101,yes,E:\ai助手\AML_PRFT_Human_Genomics_phase0_audit\03_results_tables\05_deg\deg_prft_high_vs_low_tcga_all.csv,Filtered from existing DEG table with FDR < 0.05; no DEG rerun.
ZBTB8A,downregulated_in_PRFT_high,-1.05033896017107,0.000152741759838426,102,yes,E:\ai助手\AML_PRFT_Human_Genomics_phase0_audit\03_results_tables\05_deg\deg_prft_high_vs_low_tcga_all.csv,Filtered from existing DEG table with FDR < 0.05; no DEG rerun.
MCF2L,downregulated_in_PRFT_high,-1.04650016038492,0.00659772396224198,103,yes,E:\ai助手\AML_PRFT_Human_Genomics_phase0_audit\03_results_tables\05_deg\deg_prft_high_vs_low_tcga_all.csv,Filtered from existing DEG table with FDR < 0.05; no DEG rerun.
RBPMS,downregulated_in_PRFT_high,-1.04649330392942,0.00124250305427784,104,yes,E:\ai助手\AML_PRFT_Human_Genomics_phase0_audit\03_results_tables\05_deg\deg_prft_high_vs_low_tcga_all.csv,Filtered from existing DEG table with FDR < 0.05; no DEG rerun.
MGAT5B,downregulated_in_PRFT_high,-1.04508854584336,0.00558947186359428,105,yes,E:\ai助手\AML_PRFT_Human_Genomics_phase0_audit\03_results_tables\05_deg\deg_prft_high_vs_low_tcga_all.csv,Filtered from existing DEG table with FDR < 0.05; no DEG rerun.
KCNH8,downregulated_in_PRFT_high,-1.03945322106388,0.00266465465747032,106,yes,E:\ai助手\AML_PRFT_Human_Genomics_phase0_audit\03_results_tables\05_deg\deg_prft_high_vs_low_tcga_all.csv,Filtered from existing DEG table with FDR < 0.05; no DEG rerun.
ADCY6,downregulated_in_PRFT_high,-1.03445449077785,0.00154304994293336,107,yes,E:\ai助手\AML_PRFT_Human_Genomics_phase0_audit\03_results_tables\05_deg\deg_prft_high_vs_low_tcga_all.csv,Filtered from existing DEG table with FDR < 0.05; no DEG rerun.
PALM,downregulated_in_PRFT_high,-1.02332349639132,0.021780507050888,108,yes,E:\ai助手\AML_PRFT_Human_Genomics_phase0_audit\03_results_tables\05_deg\deg_prft_high_vs_low_tcga_all.csv,Filtered from existing DEG table with FDR < 0.05; no DEG rerun.
SNORD116-4,downregulated_in_PRFT_high,-1.01707675755145,0.0441767360091053,109,yes,E:\ai助手\AML_PRFT_Human_Genomics_phase0_audit\03_results_tables\05_deg\deg_prft_high_vs_low_tcga_all.csv,Filtered from existing DEG table with FDR < 0.05; no DEG rerun.
ZDHHC8P1,downregulated_in_PRFT_high,-1.0115705960973,0.00188010292148768,110,yes,E:\ai助手\AML_PRFT_Human_Genomics_phase0_audit\03_results_tables\05_deg\deg_prft_high_vs_low_tcga_all.csv,Filtered from existing DEG table with FDR < 0.05; no DEG rerun.
PSD3,downregulated_in_PRFT_high,-1.01086411387329,0.00523766009575805,111,yes,E:\ai助手\AML_PRFT_Human_Genomics_phase0_audit\03_results_tables\05_deg\deg_prft_high_vs_low_tcga_all.csv,Filtered from existing DEG table with FDR < 0.05; no DEG rerun.
KIT,downregulated_in_PRFT_high,-1.0039519647153,0.00124233114197199,112,yes,E:\ai助手\AML_PRFT_Human_Genomics_phase0_audit\03_results_tables\05_deg\deg_prft_high_vs_low_tcga_all.csv,Filtered from existing DEG table with FDR < 0.05; no DEG rerun.
EGFL7,downregulated_in_PRFT_high,-0.996719566960689,0.00759188595603264,113,yes,E:\ai助手\AML_PRFT_Human_Genomics_phase0_audit\03_results_tables\05_deg\deg_prft_high_vs_low_tcga_all.csv,Filtered from existing DEG table with FDR < 0.05; no DEG rerun.
DKFZP434L187,downregulated_in_PRFT_high,-0.996595856722795,0.0164420659001376,114,yes,E:\ai助手\AML_PRFT_Human_Genomics_phase0_audit\03_results_tables\05_deg\deg_prft_high_vs_low_tcga_all.csv,Filtered from existing DEG table with FDR < 0.05; no DEG rerun.
STK32B,downregulated_in_PRFT_high,-0.99598108794439,0.0207251938773278,115,yes,E:\ai助手\AML_PRFT_Human_Genomics_phase0_audit\03_results_tables\05_deg\deg_prft_high_vs_low_tcga_all.csv,Filtered from existing DEG table with FDR < 0.05; no DEG rerun.
FAM69B,downregulated_in_PRFT_high,-0.993159556268358,0.000159871087332734,116,yes,E:\ai助手\AML_PRFT_Human_Genomics_phase0_audit\03_results_tables\05_deg\deg_prft_high_vs_low_tcga_all.csv,Filtered from existing DEG table with FDR < 0.05; no DEG rerun.
CACNA1H,downregulated_in_PRFT_high,-0.991479858326643,0.0421384021777454,117,yes,E:\ai助手\AML_PRFT_Human_Genomics_phase0_audit\03_results_tables\05_deg\deg_prft_high_vs_low_tcga_all.csv,Filtered from existing DEG table with FDR < 0.05; no DEG rerun.
PSD2,downregulated_in_PRFT_high,-0.991473496391335,0.00208513351131184,118,yes,E:\ai助手\AML_PRFT_Human_Genomics_phase0_audit\03_results_tables\05_deg\deg_prft_high_vs_low_tcga_all.csv,Filtered from existing DEG table with FDR < 0.05; no DEG rerun.
SHF,downregulated_in_PRFT_high,-0.980273710237894,2.79438701770896e-05,119,yes,E:\ai助手\AML_PRFT_Human_Genomics_phase0_audit\03_results_tables\05_deg\deg_prft_high_vs_low_tcga_all.csv,Filtered from existing DEG table with FDR < 0.05; no DEG rerun.
LOC116437,downregulated_in_PRFT_high,-0.97939591018444,0.0108418700955185,120,yes,E:\ai助手\AML_PRFT_Human_Genomics_phase0_audit\03_results_tables\05_deg\deg_prft_high_vs_low_tcga_all.csv,Filtered from existing DEG table with FDR < 0.05; no DEG rerun.
LOC342346,downregulated_in_PRFT_high,-0.979218591285746,9.91628659061435e-05,121,yes,E:\ai助手\AML_PRFT_Human_Genomics_phase0_audit\03_results_tables\05_deg\deg_prft_high_vs_low_tcga_all.csv,Filtered from existing DEG table with FDR < 0.05; no DEG rerun.
TTC9,downregulated_in_PRFT_high,-0.976374712643662,0.000586858005211584,122,yes,E:\ai助手\AML_PRFT_Human_Genomics_phase0_audit\03_results_tables\05_deg\deg_prft_high_vs_low_tcga_all.csv,Filtered from existing DEG table with FDR < 0.05; no DEG rerun.
MAN1A1,downregulated_in_PRFT_high,-0.964672039561588,0.000476604547230213,123,yes,E:\ai助手\AML_PRFT_Human_Genomics_phase0_audit\03_results_tables\05_deg\deg_prft_high_vs_low_tcga_all.csv,Filtered from existing DEG table with FDR < 0.05; no DEG rerun.
GBP4,downregulated_in_PRFT_high,-0.96386827051589,0.00506473717914334,124,yes,E:\ai助手\AML_PRFT_Human_Genomics_phase0_audit\03_results_tables\05_deg\deg_prft_high_vs_low_tcga_all.csv,Filtered from existing DEG table with FDR < 0.05; no DEG rerun.
PLCH1,downregulated_in_PRFT_high,-0.960678107457889,0.037006672302487,125,yes,E:\ai助手\AML_PRFT_Human_Genomics_phase0_audit\03_results_tables\05_deg\deg_prft_high_vs_low_tcga_all.csv,Filtered from existing DEG table with FDR < 0.05; no DEG rerun.
DNM1,downregulated_in_PRFT_high,-0.960258647420462,0.0047468141892877,126,yes,E:\ai助手\AML_PRFT_Human_Genomics_phase0_audit\03_results_tables\05_deg\deg_prft_high_vs_low_tcga_all.csv,Filtered from existing DEG table with FDR < 0.05; no DEG rerun.
RD3,downregulated_in_PRFT_high,-0.959178214381178,0.00196776524055151,127,yes,E:\ai助手\AML_PRFT_Human_Genomics_phase0_audit\03_results_tables\05_deg\deg_prft_high_vs_low_tcga_all.csv,Filtered from existing DEG table with FDR < 0.05; no DEG rerun.
MLLT11,downregulated_in_PRFT_high,-0.95750347500667,3.64161003989397e-05,128,yes,E:\ai助手\AML_PRFT_Human_Genomics_phase0_audit\03_results_tables\05_deg\deg_prft_high_vs_low_tcga_all.csv,Filtered from existing DEG table with FDR < 0.05; no DEG rerun.
TRIM74,downregulated_in_PRFT_high,-0.954544921144075,0.000365930640662283,129,yes,E:\ai助手\AML_PRFT_Human_Genomics_phase0_audit\03_results_tables\05_deg\deg_prft_high_vs_low_tcga_all.csv,Filtered from existing DEG table with FDR < 0.05; no DEG rerun.
SV2A,downregulated_in_PRFT_high,-0.953155426356574,0.00146594219532564,130,yes,E:\ai助手\AML_PRFT_Human_Genomics_phase0_audit\03_results_tables\05_deg\deg_prft_high_vs_low_tcga_all.csv,Filtered from existing DEG table with FDR < 0.05; no DEG rerun.
NCRNA00173,downregulated_in_PRFT_high,-0.952840617481944,0.00416826972574206,131,yes,E:\ai助手\AML_PRFT_Human_Genomics_phase0_audit\03_results_tables\05_deg\deg_prft_high_vs_low_tcga_all.csv,Filtered from existing DEG table with FDR < 0.05; no DEG rerun.
SLC38A1,downregulated_in_PRFT_high,-0.948269700614796,0.000887497143795772,132,yes,E:\ai助手\AML_PRFT_Human_Genomics_phase0_audit\03_results_tables\05_deg\deg_prft_high_vs_low_tcga_all.csv,Filtered from existing DEG table with FDR < 0.05; no DEG rerun.
LOC100133545,downregulated_in_PRFT_high,-0.946166399358452,0.00165832339161782,133,yes,E:\ai助手\AML_PRFT_Human_Genomics_phase0_audit\03_results_tables\05_deg\deg_prft_high_vs_low_tcga_all.csv,Filtered from existing DEG table with FDR < 0.05; no DEG rerun.
COBLL1,downregulated_in_PRFT_high,-0.943458580593407,0.0127828481955395,134,yes,E:\ai助手\AML_PRFT_Human_Genomics_phase0_audit\03_results_tables\05_deg\deg_prft_high_vs_low_tcga_all.csv,Filtered from existing DEG table with FDR < 0.05; no DEG rerun.
DOC2A,downregulated_in_PRFT_high,-0.94266673349371,0.00966669325571289,135,yes,E:\ai助手\AML_PRFT_Human_Genomics_phase0_audit\03_results_tables\05_deg\deg_prft_high_vs_low_tcga_all.csv,Filtered from existing DEG table with FDR < 0.05; no DEG rerun.
GRIK5,downregulated_in_PRFT_high,-0.93216510291365,0.0175861623221819,136,yes,E:\ai助手\AML_PRFT_Human_Genomics_phase0_audit\03_results_tables\05_deg\deg_prft_high_vs_low_tcga_all.csv,Filtered from existing DEG table with FDR < 0.05; no DEG rerun.
MAST4,downregulated_in_PRFT_high,-0.930744961240297,8.33204111891046e-05,137,yes,E:\ai助手\AML_PRFT_Human_Genomics_phase0_audit\03_results_tables\05_deg\deg_prft_high_vs_low_tcga_all.csv,Filtered from existing DEG table with FDR < 0.05; no DEG rerun.
RPS6KA2,downregulated_in_PRFT_high,-0.927287075648209,0.00961784867788134,138,yes,E:\ai助手\AML_PRFT_Human_Genomics_phase0_audit\03_results_tables\05_deg\deg_prft_high_vs_low_tcga_all.csv,Filtered from existing DEG table with FDR < 0.05; no DEG rerun.
PCDHGB8P,downregulated_in_PRFT_high,-0.925978601978074,0.00294784920920363,139,yes,E:\ai助手\AML_PRFT_Human_Genomics_phase0_audit\03_results_tables\05_deg\deg_prft_high_vs_low_tcga_all.csv,Filtered from existing DEG table with FDR < 0.05; no DEG rerun.
HHIP,downregulated_in_PRFT_high,-0.922375835338141,0.0159774711967242,140,yes,E:\ai助手\AML_PRFT_Human_Genomics_phase0_audit\03_results_tables\05_deg\deg_prft_high_vs_low_tcga_all.csv,Filtered from existing DEG table with FDR < 0.05; no DEG rerun.
VANGL2,downregulated_in_PRFT_high,-0.919632972467248,0.0423903793902731,141,yes,E:\ai助手\AML_PRFT_Human_Genomics_phase0_audit\03_results_tables\05_deg\deg_prft_high_vs_low_tcga_all.csv,Filtered from existing DEG table with FDR < 0.05; no DEG rerun.
COL24A1,downregulated_in_PRFT_high,-0.919160224538876,0.00257388597876675,142,yes,E:\ai助手\AML_PRFT_Human_Genomics_phase0_audit\03_results_tables\05_deg\deg_prft_high_vs_low_tcga_all.csv,Filtered from existing DEG table with FDR < 0.05; no DEG rerun.
MYOZ3,downregulated_in_PRFT_high,-0.91825450414326,0.000192914099432487,143,yes,E:\ai助手\AML_PRFT_Human_Genomics_phase0_audit\03_results_tables\05_deg\deg_prft_high_vs_low_tcga_all.csv,Filtered from existing DEG table with FDR < 0.05; no DEG rerun.
PTH1R,downregulated_in_PRFT_high,-0.916015958299918,0.00453310361944947,144,yes,E:\ai助手\AML_PRFT_Human_Genomics_phase0_audit\03_results_tables\05_deg\deg_prft_high_vs_low_tcga_all.csv,Filtered from existing DEG table with FDR < 0.05; no DEG rerun.
LRP4,downregulated_in_PRFT_high,-0.913720074846289,0.0220422337224143,145,yes,E:\ai助手\AML_PRFT_Human_Genomics_phase0_audit\03_results_tables\05_deg\deg_prft_high_vs_low_tcga_all.csv,Filtered from existing DEG table with FDR < 0.05; no DEG rerun.
LOC100101266,downregulated_in_PRFT_high,-0.913191994119213,0.000841866730582836,146,yes,E:\ai助手\AML_PRFT_Human_Genomics_phase0_audit\03_results_tables\05_deg\deg_prft_high_vs_low_tcga_all.csv,Filtered from existing DEG table with FDR < 0.05; no DEG rerun.
B4GALNT4,downregulated_in_PRFT_high,-0.91171855118952,0.0220422337224143,147,yes,E:\ai助手\AML_PRFT_Human_Genomics_phase0_audit\03_results_tables\05_deg\deg_prft_high_vs_low_tcga_all.csv,Filtered from existing DEG table with FDR < 0.05; no DEG rerun.
SPSB4,downregulated_in_PRFT_high,-0.910025968992245,0.048122534691911,148,yes,E:\ai助手\AML_PRFT_Human_Genomics_phase0_audit\03_results_tables\05_deg\deg_prft_high_vs_low_tcga_all.csv,Filtered from existing DEG table with FDR < 0.05; no DEG rerun.
BCAT1,downregulated_in_PRFT_high,-0.909730633520429,0.0200737241554584,149,yes,E:\ai助手\AML_PRFT_Human_Genomics_phase0_audit\03_results_tables\05_deg\deg_prft_high_vs_low_tcga_all.csv,Filtered from existing DEG table with FDR < 0.05; no DEG rerun.
DEPDC6,downregulated_in_PRFT_high,-0.903153889334387,2.11748091876972e-05,150,yes,E:\ai助手\AML_PRFT_Human_Genomics_phase0_audit\03_results_tables\05_deg\deg_prft_high_vs_low_tcga_all.csv,Filtered from existing DEG table with FDR < 0.05; no DEG rerun.
