gene_symbol,module_color
HOXB6,magenta
PRDM16,magenta
HOXB5,magenta
COL4A5,magenta
DSC2,tan
UGGT2,magenta
ARHGEF10L,blue
C20orf200,magenta
PPARGC1A,magenta
KRT17,tan
MARCO,blue
PRLR,blue
LGALS2,blue
FAM38B,magenta
CD14,blue
PLBD1,blue
CLEC10A,blue
HOXB3,magenta
DTNA,red
LIN7A,tan
CD300E,blue
H2AFY2,magenta
MOSC2,tan
LILRB4,blue
S100A9,blue
CNNM1,magenta
ADAMTS2,red
EREG,magenta
S100A12,blue
VCAN,blue
HOXA6,magenta
DEFB1,tan
LILRA3,blue
LILRA5,blue
MYCL1,blue
TMEM105,blue
HOXA3,magenta
TBC1D8B,magenta
SLPI,tan
CLEC4E,blue
HOXA5,magenta
VENTX,blue
PHKA1,magenta
AQP9,blue
IL31RA,blue
TLR8,blue
S100A8,blue
TNNT1,blue
HK3,blue
MSR1,blue
CCL23,red
SYTL4,magenta
CD163,blue
MEFV,blue
MPEG1,blue
SLITRK5,blue
PPARG,tan
SLC28A3,tan
CYP7B1,magenta
CTSG,tan
SHROOM4,magenta
MYOF,blue
FCN1,blue
CYP27A1,blue
SLC11A1,blue
TOM1L1,magenta
HOXB4,magenta
CES1,blue
MAFB,blue
FPR1,blue
COL23A1,tan
GLT1D1,blue
SLC6A12,blue
OLFML2A,blue
TLR7,blue
C7orf58,blue
LPO,tan
NLRP12,blue
KIAA1598,blue
KIAA0087,magenta
PRR16,blue
MTMR11,blue
CD1D,blue
TSKS,red
ASGR2,blue
LILRA6,blue
SERPINB2,blue
FOLR3,blue
TRPM4,blue
SIGLEC1,blue
LRP1,blue
BEX1,magenta
MPO,tan
CLGN,magenta
C2,blue
C5AR1,blue
THAP10,magenta
CLTCL1,tan
SLC7A7,blue
VNN3,blue
DKK2,blue
NKX2-3,magenta
TSLP,magenta
CLEC7A,blue
HOXA4,magenta
CDA,blue
TGFBI,blue
ASS1,tan
MYO7A,blue
SLC15A3,blue
QPCT,blue
CCR2,blue
HNMT,blue
SIGLEC9,blue
NAPSB,blue
CD1C,blue
LRRK2,blue
EMR3,blue
RBM47,blue
MS4A6A,blue
LTBP1,magenta
C10orf140,magenta
NCF1,blue
SLC8A1,blue
EPHB2,blue
HTR7,blue
PRTN3,tan
C17orf55,blue
LDLRAD3,blue
SCUBE1,blue
SIGLEC7,blue
IGSF10,magenta
ANO7,tan
ADCY2,magenta
ADRB1,magenta
ELANE,tan
EPHB3,blue
ST8SIA6,magenta
GABRE,tan
APCDD1,blue
MS4A4A,blue
NUDT16P1,blue
FAM110B,red
C10orf114,magenta
BMPR1B,magenta
RANBP17,magenta
MPV17L,magenta
SMPDL3A,blue
TMEM176B,blue
TMEM176A,blue
NCF1C,blue
CR1,blue
CACNA2D3,blue
KCTD12,blue
HOXA7,magenta
GSDMC,tan
TSHZ3,red
EPB41L3,blue
IL1R2,blue
ST14,blue
DPYSL3,magenta
CACHD1,magenta
IFI30,blue
SLC22A15,red
HOXA2,magenta
VNN1,blue
NID1,blue
GLB1L2,magenta
FXYD6,blue
CD276,red
APOBEC3A,blue
SORT1,blue
KCNJ2,blue
NCF1B,blue
SIRPD,blue
SLC16A9,magenta
UNC5A,blue
LYZ,blue
C1QA,blue
CYP1B1,blue
PTGFR,magenta
RXFP2,blue
SORCS2,blue
EPS8,blue
STK33,magenta
SECTM1,blue
SCARA3,magenta
LOC399959,tan
TLR5,blue
CD1A,blue
IL1RN,blue
ME1,blue
HSPA7,blue
C9orf122,tan
FPR2,blue
CLEC4A,blue
EMR4P,blue
INTU,magenta
PHACTR3,blue
EPGN,magenta
TGM5,tan
CD209,blue
CRISPLD2,blue
TPPP3,red
MOSC1,tan
CLU,tan
LOC254559,tan
GPR133,blue
CCR1,blue
TNFRSF11A,blue
C9orf47,blue
C15orf38,blue
CHST15,blue
CHRNA6,tan
ANKRD35,tan
CD300LB,blue
CDC42EP1,blue
HOXB2,magenta
METTL7B,blue
LILRB3,blue
RNASE6,blue
MPZL2,blue
NOV,magenta
NPTX1,magenta
FGD2,blue
CD101,blue
CD86,blue
REXO1L1,tan
CPM,blue
PADI2,blue
FCAR,blue
S1PR3,blue
FBN2,tan
KCNE1,blue
DST,magenta
SEPP1,magenta
PPP1R14C,red
FAM198B,blue
THBS1,blue
PTPRG,tan
NGFRAP1,magenta
ZNF334,magenta
SDC2,blue
MS4A3,tan
ADAMTS5,blue
LIPN,blue
FCER2,blue
KCNC3,blue
ANXA8,tan
EEF1A2,magenta
C19orf59,blue
COPZ2,red
FGL2,blue
CX3CR1,blue
PDK4,blue
HOXA11,magenta
SERPINB10,tan
SLC37A2,blue
VNN2,blue
C1orf106,tan
KCNE1L,tan
DHRS9,blue
LRRC49,magenta
SCHIP1,magenta
ACVRL1,blue
G0S2,blue
CXCR2P1,blue
FOXC1,magenta
PKIB,blue
SULF2,blue
IGFBP2,tan
FAM20C,blue
LGALS12,tan
RBP7,blue
AMICA1,blue
SERINC2,blue
LRRC25,blue
PLS1,magenta
TMEM20,magenta
DUSP5P,magenta
TMED7-TICAM2,blue
TREML4,blue
FFAR2,blue
PDGFD,magenta
PLA2G7,blue
C6orf97,blue
LILRB2,blue
MRAS,red
LY86,blue
STXBP6,magenta
HOXB7,magenta
MMP17,blue
PNPLA1,blue
BASP1,blue
CLEC4G,blue
SGMS2,blue
MARVELD2,magenta
CECR6,blue
SERPINA1,blue
FOLR2,blue
KLF4,blue
NFAM1,blue
SPATA18,tan
ONECUT2,blue
KIAA0802,magenta
AGPAT9,blue
OLIG1,red
ACE,blue
HMOX1,blue
ZNF532,blue
RYR1,blue
TNNI2,blue
LGI2,blue
CYBB,blue
PLA2G16,red
TP63,magenta
THBS4,red
ADM,blue
MEIS1,magenta
PPFIA4,blue
HOXA9,magenta
EGR2,blue
CXCL16,blue
FBP1,blue
STAB1,red
FAM157B,blue
RBM9,magenta
GPC4,magenta
MT1E,blue
SIRPB1,blue
CCDC136,magenta
ADAP2,blue
ADAMDEC1,blue
FZD2,blue
NRG4,magenta
RAB39,blue
LGALS3,blue
C3,blue
AZU1,tan
CD36,blue
DAGLA,blue
FGR,blue
CTSL1,blue
SNCAIP,magenta
LAPTM4B,magenta
KIF26B,blue
F5,blue
SH3BGRL2,magenta
ANKRD22,blue
NLRC4,blue
LILRB1,blue
SPATS2L,blue
LPPR3,tan
ABCC3,blue
CD300C,blue
DIRAS3,magenta
FCGR2C,blue
SIGLEC11,blue
SLC26A11,blue
ACOX2,blue
CPAMD8,blue
TMEM150B,blue
HNRPLL,blue
C12orf59,tan
MPPED1,magenta
TMTC1,blue
CUEDC1,blue
PDE4A,blue
ARAP3,blue
CGREF1,magenta
PECR,blue
ITGA7,red
KIR3DX1,blue
ZNF366,blue
TNF,red
SEMA5A,magenta
SCPEP1,blue
ARHGAP24,blue
PTPRO,blue
NCF2,blue
RTN1,blue
VSIG4,blue
CATSPER1,red
GPBAR1,blue
BIK,tan
PRKCDBP,red
AFF2,tan
NOD2,blue
P2RY13,blue
CLCN1,blue
SAMHD1,blue
FCGR2B,blue
C17orf87,blue
CD200R1,blue
ANKRD34B,blue
HSPA6,blue
DYSFIP1,tan
RGMA,red
GIMAP4,blue
CILP2,tan
FRMD3,blue
TP73,red
ARHGAP22,magenta
ALOX5,blue
ODF3B,red
PDZD7,red
ANK3,magenta
KRT80,blue
LY96,blue
NMUR1,blue
FAM83A,magenta
GPR124,blue
CPVL,blue
ZNF503,red
IGSF6,blue
CEBPE,tan
TBC1D12,blue
DACH1,blue
PTPRH,red
GIMAP8,blue
TREM1,blue
HOXA10,magenta
OR52K1,blue
SGK1,blue
MARCKS,blue
SPOCK1,blue
SPINT1,blue
ELOVL3,tan
WBP5,magenta
CSTA,red
PBX3,magenta
WNT6,red
OPLAH,blue
GPR77,blue
RPH3A,blue
CCR5,blue
HRH1,blue
CREB5,blue
F3,tan
DGAT2,blue
MS4A14,blue
OTOF,blue
NKX3-1,magenta
TYMP,red
CLEC1A,blue
IGF2R,blue
RAB31,blue
GPR120,blue
MYBPH,blue
LOC441204,magenta
CTSH,blue
EXT1,blue
CES8,blue
C9orf109,tan
PTAFR,blue
ABCC6P2,red
RAB38,magenta
SLED1,blue
BVES,blue
ITGAM,blue
FAM174B,magenta
IL10,blue
ULBP1,magenta
TBX1,tan
LOC729603,blue
FAM92A1,magenta
LARP6,magenta
CAMK2D,blue
ALOX5AP,blue
MANSC1,blue
LILRA1,blue
PRKCZ,magenta
PPFIBP2,blue
SCN8A,magenta
KLK1,blue
ANXA5,blue
FCGR3A,blue
OR52K2,blue
SMARCD3,red
CST3,red
CFD,tan
RUFY4,blue
TRIM36,blue
FZD8,blue
TAS2R60,blue
RNASE3,tan
NR4A1,blue
TUBBP5,blue
C20orf118,blue
COL8A2,blue
TNFRSF1B,blue
GLT25D2,tan
TBC1D9,blue
RIN2,blue
OCLN,magenta
GPR84,blue
MT1F,red
CKAP4,blue
SLC47A1,blue
NOTUM,magenta
ZNF703,blue
RGS2,blue
PLD2,blue
IER3,blue
VDR,blue
EMR1,blue
LOC100271722,magenta
FLJ42875,magenta
C19orf38,blue
LYPD5,blue
PLCL1,blue
BCAN,magenta
ARHGEF5,magenta
TMEM132A,blue
COLEC12,blue
ETV5,magenta
VIPR1,blue
RASSF4,blue
ZNF648,magenta
DYSF,blue
SGSH,blue
PLA2G2F,red
TNFAIP8L3,tan
FAM83H,red
FGD4,blue
CRIP1,red
DDI1,magenta
WWC1,magenta
S100A10,red
C1orf161,red
PHLDA1,tan
NDRG2,blue
MYO1E,blue
SHROOM1,red
LPAR1,blue
BMPR1A,red
TMEM38A,blue
TNFSF12,blue
TARP,tan
SLC24A4,blue
LSP1,blue
KCNQ1,red
CD93,blue
PID1,blue
TNFSF9,red
F12,red
RNASE2,tan
SLC43A2,blue
SLC9A9,blue
CELA1,red
PTPRU,tan
FCER1G,blue
HPSE,blue
OR2A7,magenta
TNFRSF8,blue
IL13RA1,blue
LOC285780,blue
LMNA,red
SATB2,red
COCH,tan
DTX4,blue
BAG3,blue
PLA2G2D,blue
ARHGEF35,magenta
SLC16A6,blue
LPAR3,red
HOXA11AS,magenta
NPL,blue
SEPT3,blue
TRNP1,blue
C9orf110,tan
HORMAD1,blue
RASAL2,tan
HOXA1,magenta
ACPP,blue
RHOU,blue
HAL,tan
TMEM117,blue
C2orf58,blue
TGFA,tan
MNDA,blue
SYT17,blue
CELSR1,red
LRP3,tan
SYN2,blue
CLDN23,blue
CARD14,blue
TLR4,blue
COL28A1,magenta
FCGR1C,blue
GFRA2,blue
GPR34,blue
CST7,tan
RAB11FIP5,blue
SGCB,red
RET,red
TTC12,red
SAMD4A,blue
ACOT4,magenta
FER1L6,magenta
IL10RA,blue
C1orf54,blue
CADM1,blue
CCL3,red
CD4,blue
SLCO4C1,blue
FAM114A1,blue
CHST4,magenta
MMEL1,blue
FCGR2A,blue
BCL6,blue
PGM5,blue
SCD5,magenta
OASL,blue
CRIP3,blue
FAM82A1,blue
SOX13,red
FAM105A,blue
GAS2L3,magenta
ROPN1L,tan
CASP5,blue
SLC26A8,tan
PGBD5,tan
CXCL10,blue
LILRB5,blue
PCSK5,blue
AIFM3,red
NHS,blue
NR6A1,magenta
CRISPLD1,magenta
RCN3,blue
STX11,blue
AOAH,blue
TPST1,blue
RASGRP3,magenta
TREML3,red
ANXA2,blue
TMCC3,blue
RIN1,red
TRPC2,magenta
VSIG2,blue
ARHGEF11,blue
MS4A7,blue
ICA1,magenta
SEMA6B,red
ANKRD5,magenta
CD68,red
RNASE4,blue
UACA,magenta
HES4,magenta
NR4A2,blue
MFSD2A,blue
RASSF8,magenta
CD163L1,blue
CXCR2,blue
ABI3,blue
PDE2A,blue
THBD,blue
JUN,red
FCGR1B,blue
PLK2,blue
POU2F2,blue
LONRF3,red
SLC5A9,magenta
C1orf127,red
UTF1,red
ASGR1,blue
ANXA2P2,blue
SLC1A3,blue
ACCN2,tan
SLITRK4,magenta
DMXL2,tan
MTSS1,blue
LAMB3,red
ETV7,blue
ARHGAP31,blue
CCDC113,magenta
LOC344595,magenta
HBEGF,blue
SDC4,red
GNGT2,blue
PHLDA3,red
LYNX1,blue
FLJ45445,blue
NR1I2,tan
KCNH3,blue
TNFSF15,blue
CRYBG3,blue
CRTAM,blue
GPR88,tan
C1orf115,blue
GRN,red
DDAH1,magenta
CDH23,blue
RASGEF1B,blue
FCGR1A,blue
BEGAIN,red
P2RY6,blue
MFSD7,blue
TUBA4A,blue
ADAM8,red
RPGRIP1,blue
KIAA0513,blue
PRSS12,tan
HOMER3,tan
DPYSL2,blue
SCG2,magenta
GAS2L1,red
WNT5B,blue
FAM129B,blue
ZMYND15,blue
FAM127A,red
LOC348840,red
LOC644538,tan
FAM59A,tan
LOC389634,blue
ADCY1,magenta
CDK20,red
ANKRD55,blue
CDKN1A,red
SLC2A6,blue
SIGLEC10,blue
SNX25,blue
GPR65,blue
NACC2,blue
SRGN,tan
PDE7B,blue
OGDHL,tan
TCN2,red
ITGAX,blue
TMEM169,blue
TICAM2,blue
NRGN,blue
CAMK1,blue
AIM2,blue
KNDC1,blue
MARCH1,blue
OTOA,blue
PLA2G4C,blue
PPIC,magenta
LGALS1,red
SLC7A11,magenta
WSCD1,red
EEF1DP3,blue
ANXA8L2,tan
TNFAIP2,blue
PILRA,blue
DOK2,blue
CTSS,blue
TPRG1,blue
OSCAR,red
ANXA2P1,blue
TKTL2,blue
RAB17,blue
MOCOS,magenta
MAP1LC3A,red
DUSP6,blue
GALM,blue
C17orf96,magenta
WNT10B,red
KYNU,blue
USP44,magenta
P2RY12,blue
RHOB,red
KCNK13,blue
SLC26A9,tan
KRT23,blue
SNX24,blue
IQSEC2,red
MYO1C,red
ASB2,blue
DLEU7,blue
CSPG4,red
EPB41L5,magenta
HFE,blue
CCL22,blue
SEC16B,tan
TYROBP,red
LOC151009,magenta
ANKRD57,blue
DES,blue
NRBP2,red
PRKCA,blue
GPR153,tan
PLCD3,red
JAG1,tan
C10orf41,red
PCDH9,magenta
NHSL2,blue
GPR162,red
PRKAR2B,blue
ABCC6,tan
ATOH8,blue
SRC,blue
CCDC149,red
ID2,blue
HMGN5,magenta
ECHDC2,red
CACNA1F,red
ECHDC3,blue
SPR,magenta
SPATA6,magenta
JAZF1,blue
C1orf53,tan
BCL2A1,blue
GRIN2D,red
LFNG,blue
CFP,red
FAM27A,red
LOC100131726,magenta
HSD3B7,red
MPP7,blue
SHISA4,blue
MLXIPL,red
PTPRJ,blue
GPR109B,tan
DNAJC5B,blue
EFEMP2,red
ZNF385A,blue
IL17RA,blue
CEBPB,red
PLEKHN1,red
CLEC3B,red
GIMAP1,blue
ANG,blue
ADCY4,red
PTX3,red
HRH3,magenta
PIGR,blue
PTGS2,blue
CTAGE4,magenta
KLHL30,blue
APOA2,blue
PPP4R1L,blue
BATF2,blue
HRASLS5,tan
PRSS36,red
TUBB6,red
TNFSF12-TNFSF13,red
SLC22A7,blue
PVRL4,red
P2RY2,tan
CCDC151,blue
TFEB,blue
HCK,blue
LRG1,tan
MRGPRF,tan
HOXB9,magenta
PDCD1LG2,blue
PHLDA2,red
SIGLEC14,blue
LILRA2,blue
LOC400931,magenta
NUAK2,blue
ABCA9,blue
CDC42BPB,red
TLE1,tan
IPCEF1,blue
PDLIM4,red
TP53I11,blue
S100A6,blue
HSPB7,blue
CAMSAP1L1,blue
CDKN2B,blue
ARSG,blue
MEIS3P1,blue
CHGB,magenta
CRYBB1,magenta
MAPRE3,red
GNA14,blue
AATK,blue
ITIH1,blue
NRIP3,tan
GCNT2,blue
CECR1,blue
CNTN1,magenta
GPR109A,tan
C5orf32,red
JPH4,blue
FAM151B,blue
HIP1,blue
SCN4B,blue
SIGLEC16,blue
GUCY2C,blue
FEZ1,blue
FAM179A,red
SRGAP1,blue
FCRLB,blue
STAR,tan
CTTNBP2NL,blue
SLC46A2,blue
CYB5R2,blue
BLVRA,blue
MICALCL,blue
TNFSF14,blue
ITGB2,blue
IFNK,blue
ALPK2,blue
DLX4,red
C22orf26,magenta
DRD5,red
SLC35E4,red
ABCA5,magenta
LST1,blue
LOC728392,blue
GGTLC2,red
RRAS,blue
CCR3,blue
SULT1B1,blue
RAB23,magenta
TNFSF10,blue
OAS1,blue
NEK10,magenta
S100A11,red
TNFRSF9,blue
HEYL,magenta
BATF3,blue
MKX,blue
MUC12,red
KLF11,blue
GADD45G,red
ENTPD2,magenta
GPT2,tan
SH3TC1,blue
CSF1R,blue
ZFP36L1,blue
RNF175,blue
AMDHD1,red
UPP1,red
LDHD,red
C16orf45,blue
SIRPB2,red
IRS2,red
PRUNE2,blue
TXNDC2,blue
BST1,blue
PLXNC1,blue
SLC40A1,magenta
DAPL1,magenta
TMEM8B,red
IL12A,magenta
CSF2RA,blue
CYTH4,blue
TRIM32,magenta
KLF2,red
LOC283663,tan
FLVCR2,blue
ASTN2,magenta
TRPV4,blue
GDPD4,blue
PLEC,blue
MRVI1,blue
C10orf105,blue
CEBPD,blue
ADAP1,red
C13orf15,tan
S100A5,blue
LOC100240726,magenta
NUDT14,red
SIGLEC15,red
FLJ33360,red
RNF112,blue
FCGRT,blue
TG,blue
GGT3P,red
HECW2,blue
SDSL,magenta
CAPN5,red
LDLR,blue
GGT1,red
KAZ,magenta
GFI1,tan
KBTBD11,tan
TMC4,tan
MEGF9,blue
PFKFB4,blue
ADSSL1,blue
GALNT12,magenta
MATN4,tan
METRNL,blue
HPD,red
FAM49A,blue
MAP3K6,red
ITGB7,blue
SNTB2,blue
LOC388242,blue
KCNH7,blue
GRK5,blue
ZNF467,blue
NLRP1,blue
VAV2,blue
TRIP10,red
CPNE8,magenta
RELL2,blue
CMTM4,blue
ULBP2,red
MICAL2,blue
SETD7,blue
PER1,red
SLC2A9,red
LOC728613,magenta
IQCK,tan
SMAD7,blue
SORBS3,red
PLIN5,red
RNF208,magenta
BAG2,magenta
PMM1,blue
AIFM2,magenta
MGC14436,magenta
XKR7,blue
WIPI1,blue
SOCS1,red
SLC12A8,blue
C4orf48,red
C17orf91,blue
CPE,red
SFTPD,red
CCL5,blue
FOS,blue
CLEC12A,blue
ANXA2P3,blue
C17orf60,red
ADORA3,blue
C10orf54,blue
FAM81B,magenta
PLAUR,red
OSGIN1,blue
ARNTL,blue
S100A4,blue
UPK3A,blue
LOC150381,magenta
SUCLG2,blue
UBTD1,red
ENHO,blue
SNX10,blue
GGT7,red
MX2,blue
PRDM12,red
NAMPT,blue
TLN2,magenta
PSAP,blue
BEST1,blue
CDK18,magenta
HVCN1,blue
AHR,blue
OR7E91P,blue
ALDH3A1,magenta
SLC36A1,tan
B3GALT1,magenta
CCL1,magenta
UCN2,red
UPB1,blue
GPR183,blue
LYST,tan
FAM157A,blue
LOC100302650,red
RXRA,blue
FKBP9,red
DOC2B,tan
GFRA3,tan
KLF5,magenta
HRH2,red
KLHDC7B,red
NRG1,blue
CLEC4F,blue
PAOX,blue
HLA-G,red
ASAP1IT1,blue
PSTPIP1,red
C4orf34,blue
TRIM7,blue
LOC100133161,blue
CDC42EP3,blue
ICAM1,blue
ANKRD37,blue
C1orf162,blue
STK32C,red
SERPINB8,blue
SLC16A3,blue
COTL1,blue
NTNG1,blue
ADAMTSL4,red
GPR20,blue
RASGRP4,red
AQP4,tan
ADCY9,red
TRIP6,red
GCH1,blue
RHOC,blue
GPRIN1,blue
ANKRD24,red
CCDC109B,blue
GPR35,red
CHRNE,red
PIWIL4,tan
ULK2,blue
H2AFJ,blue
ISL2,blue
TRIB1,blue
LOC285696,blue
AP1S3,blue
EPS8L1,red
LOC201651,magenta
MT1X,red
CLCN5,blue
CXorf21,blue
MT2A,red
OXCT2,blue
SLC22A18AS,red
KCNK6,blue
APOB48R,blue
CCDC153,red
SIRPA,red
ZNF804A,tan
NOL3,red
UBXN11,blue
TLR1,blue
C10orf91,magenta
ACSL1,blue
RASL11A,red
ACP6,magenta
CFB,blue
C10orf116,red
LMLN,tan
SEPX1,red
EMILIN2,tan
C1orf38,blue
BTBD19,red
AGTRAP,red
ZFP36,red
C11orf75,red
NETO2,red
VMO1,blue
MT1G,red
P2RX7,blue
C2orf81,red
NANOG,magenta
SLC2A14,blue
IGDCC4,tan
PSRC1,blue
C1orf170,red
PAPSS2,blue
PPARD,blue
FOSL1,red
FAM188B,magenta
C2orf62,blue
PCDH12,blue
CCDC135,red
RAPH1,blue
STX1B,red
PLXDC2,blue
CTSD,red
TLR2,blue
CLCNKA,red
LOC152225,blue
KCTD17,blue
GPR25,red
SLC2A3,blue
UNC93B1,blue
CACNB1,blue
IFI27L2,red
AP1S2,blue
ASCL2,red
CELSR2,blue
RTN2,red
IL27,blue
CORO2A,red
TMEM14A,magenta
CARD16,blue
SAT1,blue
TNFSF8,blue
TUBG2,red
C21orf67,blue
DUSP1,blue
C10orf10,blue
TMEM144,blue
TSC22D3,red
TP53INP2,tan
PELI1,blue
ANKRD58,red
TSPAN4,red
SEL1L3,magenta
ITSN1,blue
SDS,blue
CALHM2,red
RARG,blue
CTSZ,blue
CITED4,red
ODF3L1,red
SCG5,magenta
PTK6,red
C1orf204,magenta
C1QL1,magenta
PLB1,red
FAT2,tan
TBC1D8,blue
CERCAM,tan
TPK1,blue
STS,blue
ZCCHC24,blue
NT5DC2,red
GPR141,blue
C11orf35,red
LOC100272216,blue
TIMP1,red
CDC42EP4,red
NLRP3,blue
GAA,red
KIF1C,red
JHDM1D,blue
ZBTB38,blue
KMO,blue
ATXN1,blue
RNF207,magenta
TSPAN16,blue
KHDC1,magenta
FAM127B,red
ADAM9,blue
SLC44A1,blue
JDP2,red
C19orf35,red
TLR6,blue
GALNT3,tan
FAHD2B,magenta
PPEF2,blue
C19orf26,magenta
DKFZp761E198,red
CAPN2,blue
GLIPR2,blue
MPZL3,blue
C9orf72,blue
C3orf14,blue
CLEC18A,red
TCTEX1D4,red
ZBTB7B,red
GADD45B,red
ENPP4,magenta
PI4K2A,blue
SH2B2,red
ALDH3A2,blue
RAB43,blue
CC2D2A,blue
SPA17,blue
HOXB8,magenta
GPR132,blue
STARD8,blue
COMTD1,red
CASP1,blue
KIF16B,blue
CST6,red
TMEM170B,blue
SLC27A3,red
LOC730668,magenta
GCHFR,red
LOC338758,red
RBP4,red
FAM101B,tan
FAM107B,blue
ROGDI,tan
AHNAK,blue
TRPM2,blue
EHD4,blue
CXCR4,blue
CLDN3,red
IER5L,red
TNFSF13,red
ST3GAL5,blue
C16orf79,red
LOC100134229,blue
ENC1,blue
GPR137B,blue
BBC3,red
OSBPL5,tan
NKG7,red
IL17B,red
RFX2,red
KIAA1755,red
LRP1B,blue
AANAT,blue
C1orf183,blue
NINJ1,red
ELL2,magenta
GAS7,blue
GPR160,blue
FZD1,blue
DLEC1,red
CHIC1,magenta
JUNB,red
RENBP,red
SLIT1,blue
BFSP2,magenta
FMNL2,blue
LPPR2,red
OAZ3,red
FLJ10357,red
ADORA1,blue
MVP,blue
ITGAL,blue
CAST,blue
SLC13A5,tan
C16orf74,tan
SKIL,blue
EIF4E3,blue
ATP6V0E2,red
DPYD,blue
STX1A,red
GRPR,blue
LOC653653,blue
CCDC88B,red
PPM1M,blue
NFKBIZ,blue
BCL3,red
BTG1,red
BCL2L11,blue
SH2D3C,blue
NFIL3,blue
ARL4D,red
NAIP,blue
PECAM1,blue
BTG2,blue
MYBPC3,red
ARHGAP26,blue
C15orf48,blue
SIGLEC5,blue
PSEN2,red
LOC151534,red
SLC12A9,red
MMP19,red
ABHD6,blue
GPR157,magenta
NEDD9,blue
CCR10,red
PTPRE,blue
NAGA,blue
HLX,red
VIM,red
TMEM149,red
MGST1,tan
C12orf5,blue
MGC16025,blue
LMX1B,magenta
SLC31A2,blue
LOC284837,blue
MTA3,red
MOBKL2B,blue
PLD3,red
PALLD,blue
PTTG2,blue
STARD4,blue
RCBTB2,blue
C9orf140,red
LOC729234,magenta
ATP8B3,tan
KCP,red
PELI3,red
CPNE9,red
LOXL3,blue
NWD1,blue
TSPO,red
IQGAP1,blue
ALDH3B1,red
CLCF1,tan
HEXB,blue
TAGLN,blue
C17orf107,red
PAK1,blue
CNGA4,red
ARRB2,blue
EMP3,red
JOSD2,red
IQSEC1,blue
CCDC103,tan
IL4R,red
AGRP,red
MYO1F,blue
HIVEP3,blue
RHBDF2,blue
PLA2G4A,blue
TBC1D2,blue
TMEM154,blue
SLA,blue
KBTBD8,blue
BRI3,red
OGFRL1,blue
TNFSF13B,blue
CD300LF,blue
NAGS,blue
SRGAP2,blue
FAM125B,red
PADI6,blue
KIF1B,blue
TCIRG1,red
NEAT1,blue
TP53I3,red
C9orf64,blue
TRIM3,red
LRRC20,magenta
ANXA1,tan
RAB3A,red
TNS3,blue
ABHD11,red
NUCB2,tan
SLC22A4,tan
CD151,red
FUT4,tan
PARP3,red
ATP6V0A1,blue
TDRD7,blue
SEMA4A,red
SARM1,magenta
DAPP1,blue
HTATIP2,blue
EVI5,blue
CD300A,blue
RPP25,red
HCST,red
MCL1,blue
SLC22A18,red
PRKCD,red
FOSL2,red
RCAN1,blue
NFKB2,red
VASH1,blue
EMB,blue
MICAL1,blue
MEX3D,red
RAB11FIP1,blue
GSN,red
CCRL2,blue
ADPRH,red
RNH1,red
DPEP2,red
CPPED1,blue
CTSA,red
ANO8,red
RARA,red
SLC26A6,red
CTSB,blue
HDAC4,red
HERPUD1,blue
MFSD10,red
ISG15,red
OTUD1,blue
SBF2,blue
SLC16A13,blue
CYTIP,blue
RAB24,red
NMB,red
C9orf117,magenta
PRRG4,blue
FDXR,red
ALDH4A1,tan
NME3,red
PDE1B,red
FZD5,blue
PVT1,tan
CAPRIN2,magenta
TNFAIP3,blue
TMEM65,magenta
TANC2,magenta
CAPN12,red
CAPN3,blue
DGKG,tan
EGLN1,blue
SH3D20,red
FAM65B,blue
LAT2,blue
PLP2,red
ABCA7,red
STK17B,blue
PVR,magenta
SMTN,red
BMS1P5,tan
HIPK2,blue
HMGB3,tan
PXN,blue
SULT1A2,red
MTP18,red
PDLIM5,blue
CBR1,blue
CAMKK1,red
C7orf50,red
SOD2,blue
KCNE3,red
ZNF438,tan
BIRC3,blue
SNX33,red
ASPHD2,blue
NAAA,blue
PAQR8,magenta
RAB27A,tan
MAPK7,red
AGTPBP1,blue
TMEM63B,red
GDAP1,magenta
SLC36A4,tan
CIDEB,blue
CDKN2D,blue
PLK3,red
SLC45A4,red
PION,blue
UBE2D1,blue
ZC3H12A,red
SFXN3,red
TTYH3,blue
GABARAPL1,red
VAT1,tan
SGTB,blue
ARPC1B,red
RAB7L1,blue
BCAS4,red
AIM1,blue
PDLIM7,red
TGM1,red
CD83,blue
FAM110A,blue
SH3BP1,red
NINJ2,red
EVI2B,blue
SULT1A1,red
TTYH2,blue
CDC42EP2,blue
WARS,blue
AVPI1,red
GPX1,red
ARSA,red
C6orf147,magenta
EME2,red
BST2,red
NBEAL2,red
PLD1,tan
FAM46A,tan
MCTP1,blue
AGAP3,red
SPI1,red
C3orf65,magenta
POTEF,blue
ABCD1,red
CECR5,red
QSOX1,red
FAM45A,tan
ST3GAL6,tan
SRXN1,blue
UNC119,blue
RAB3IP,magenta
GPER,blue
SIDT2,blue
CLDND2,red
IER2,red
TOP1MT,magenta
DNAJB13,red
PIK3R5,blue
CD97,red
EFHD2,red
FYB,blue
TBL1X,blue
IQCE,red
EVI2A,blue
RPA4,tan
ABR,red
TSPAN14,blue
PITPNM1,red
MORN2,tan
C17orf44,blue
SERTAD1,red
KIFC2,red
EPHX1,tan
SESN2,red
C14orf139,tan
SYP,magenta
ATP13A2,red
CORO1B,red
MYADM,red
SAMSN1,blue
PPA1,magenta
ACRBP,red
FTL,red
PTRH1,red
IQCG,red
MYO15A,red
SLC25A24,blue
GLIPR1,blue
LTB4R,red
SPATA20,red
ATP5J2,red
RMND5B,blue
NPC2,blue
CHCHD10,red
PYCARD,red
ATP6V0D1,red
ZBTB47,red
SRD5A1,blue
C10orf125,red
TMEM88,red
POLE4,red
LOC100288778,red
TMEM38B,magenta
FAM45B,tan
HLA-H,red
FLJ39582,magenta
BMF,blue
LRRC3,red
LRP10,red
HMHA1,red
VASP,red
GNPDA1,blue
PLCD1,red
FTH1,blue
MEI1,red
HEXIM2,red
C22orf9,blue
POR,red
TOM1,red
FLNA,red
LOC606724,red
REEP5,blue
UAP1L1,red
RINL,red
TMSL3,blue
RAB3D,blue
RAB42,tan
SDF2L1,red
HDAC11,red
LPAR2,red
IMPDH1,red
CITED2,tan
GNS,blue
FAM173A,red
APLP2,blue
EHBP1L1,blue
DRAM1,blue
PREX1,blue
CPD,tan
NBPF14,blue
CPEB4,blue
ASL,red
KIF21B,red
FNIP2,blue
NDFIP1,blue
TP53I13,red
NADK,blue
HDHD1A,blue
KHK,magenta
IFNGR1,blue
SEMA4B,blue
RASSF7,red
PLXNB2,blue
FAM109B,red
PDLIM2,red
MRPL33,tan
TRERF1,tan
TMEM104,red
STX2,red
OCEL1,red
ZNF296,red
ACP2,red
SRCRB4D,red
FAM65A,blue
FRAT2,blue
FLOT1,blue
CD302,blue
FUCA1,blue
SNX18,blue
FYN,blue
CNTNAP1,blue
C9orf21,red
TMSB10,red
C5orf58,blue
PPP2R5B,red
REPS2,blue
LCAT,red
UCP2,red
DOCK10,blue
TGFB1,red
TNFAIP8L2,blue
ASAP1,blue
SKAP2,blue
NRADDP,red
ARHGAP27,blue
PDE4D,tan
MAP2K6,blue
MAN2B1,red
FNDC3B,tan
MYO1G,red
TMEM120A,red
GCA,blue
C5orf39,magenta
NCEH1,blue
VOPP1,blue
HSPA1A,red
PAPLN,red
JAK2,blue
ADD3,blue
TMEM229B,blue
SLCO3A1,red
FAM50A,red
IL4I1,red
PGCP,blue
FRAT1,red
ADCY7,blue
STX3,blue
TRPV2,red
DUSP7,blue
LACTB,blue
PITPNC1,blue
MOBKL2A,blue
RELT,blue
FLJ23867,tan
SNN,blue
OSBPL11,blue
AMDHD2,red
METTL7A,blue
ZYX,red
TST,red
G6PD,red
TAGLN2,red
FOXP4,red
C14orf80,red
SLC30A1,blue
MAST3,blue
SH3BGRL3,red
ANXA6,red
TMEM71,blue
LOC100132287,red
LRPAP1,red
PQLC2,red
ABTB1,red
FAM195A,red
LPXN,blue
C1orf85,red
FKBP5,blue
MRPL41,red
CPNE3,blue
CCRN4L,tan
GM2A,blue
RDH5,red
CALR,tan
RAB20,red
BEX4,magenta
P2RX1,red
PSTPIP2,blue
CSTB,red
LOC100129550,blue
TRAPPC5,red
SAP30,red
ANKRD13D,red
IRF5,blue
PFKFB3,blue
CPNE2,red
DIRC2,blue
CCND3,red
GPR18,blue
C20orf12,magenta
RGS14,red
ADARB1,magenta
ZNF318,blue
RASSF2,blue
NPPA,red
AGPAT3,blue
ACVR1B,red
PPPDE2,blue
KCTD11,red
MARCH2,red
RELB,red
P4HB,tan
